日期,国家,统一名称,统一 ID,平台,设备,下载量,收入
2025-10-29,HK,蔚藍星球: 國王很忙,68d0ed4f23721398b4b9582f,iOS,iPad,33,11.86
2025-10-29,HK,蔚藍星球: 國王很忙,68d0ed4f23721398b4b9582f,iOS,iPhone,2289,972.43
2025-10-29,MO,蔚藍星球: 國王很忙,68d0ed4f23721398b4b9582f,iOS,iPad,2,0.0
2025-10-29,MO,蔚藍星球: 國王很忙,68d0ed4f23721398b4b9582f,iOS,iPhone,104,3.52
2025-10-29,TW,蔚藍星球: 國王很忙,68d0ed4f23721398b4b9582f,iOS,iPad,109,14.79
2025-10-29,TW,蔚藍星球: 國王很忙,68d0ed4f23721398b4b9582f,iOS,iPhone,4247,946.51
2025-10-30,HK,蔚藍星球: 國王很忙,68d0ed4f23721398b4b9582f,Android,Android,397,0.0
2025-10-30,HK,蔚藍星球: 國王很忙,68d0ed4f23721398b4b9582f,iOS,iPad,45,120.02
2025-10-30,HK,蔚藍星球: 國王很忙,68d0ed4f23721398b4b9582f,iOS,iPhone,2085,1709.16
2025-10-30,MO,蔚藍星球: 國王很忙,68d0ed4f23721398b4b9582f,Android,Android,84,0.0
2025-10-30,MO,蔚藍星球: 國王很忙,68d0ed4f23721398b4b9582f,iOS,iPad,0,2.8
2025-10-30,MO,蔚藍星球: 國王很忙,68d0ed4f23721398b4b9582f,iOS,iPhone,135,42.95
2025-10-30,TW,蔚藍星球: 國王很忙,68d0ed4f23721398b4b9582f,Android,Android,4036,10.98
2025-10-30,TW,蔚藍星球: 國王很忙,68d0ed4f23721398b4b9582f,iOS,iPad,230,107.94
2025-10-30,TW,蔚藍星球: 國王很忙,68d0ed4f23721398b4b9582f,iOS,iPhone,7481,7446.17
2025-10-31,HK,蔚藍星球: 國王很忙,68d0ed4f23721398b4b9582f,Android,Android,514,0.0
2025-10-31,HK,蔚藍星球: 國王很忙,68d0ed4f23721398b4b9582f,iOS,iPad,40,120.28
2025-10-31,HK,蔚藍星球: 國王很忙,68d0ed4f23721398b4b9582f,iOS,iPhone,1579,3446.26
2025-10-31,MO,蔚藍星球: 國王很忙,68d0ed4f23721398b4b9582f,Android,Android,31,0.0
2025-10-31,MO,蔚藍星球: 國王很忙,68d0ed4f23721398b4b9582f,iOS,iPad,1,3.29
2025-10-31,MO,蔚藍星球: 國王很忙,68d0ed4f23721398b4b9582f,iOS,iPhone,136,91.97
2025-10-31,TW,蔚藍星球: 國王很忙,68d0ed4f23721398b4b9582f,Android,Android,3694,15.0
2025-10-31,TW,蔚藍星球: 國王很忙,68d0ed4f23721398b4b9582f,iOS,iPad,220,75.85
2025-10-31,TW,蔚藍星球: 國王很忙,68d0ed4f23721398b4b9582f,iOS,iPhone,8802,16831.75
2025-11-01,HK,蔚藍星球: 國王很忙,68d0ed4f23721398b4b9582f,Android,Android,499,713.44
2025-11-01,HK,蔚藍星球: 國王很忙,68d0ed4f23721398b4b9582f,iOS,iPad,57,210.62
2025-11-01,HK,蔚藍星球: 國王很忙,68d0ed4f23721398b4b9582f,iOS,iPhone,1729,4493.89
2025-11-01,MO,蔚藍星球: 國王很忙,68d0ed4f23721398b4b9582f,Android,Android,30,42.92
2025-11-01,MO,蔚藍星球: 國王很忙,68d0ed4f23721398b4b9582f,iOS,iPad,1,17.43
2025-11-01,MO,蔚藍星球: 國王很忙,68d0ed4f23721398b4b9582f,iOS,iPhone,143,204.67
2025-11-01,TW,蔚藍星球: 國王很忙,68d0ed4f23721398b4b9582f,Android,Android,3416,6202.59
2025-11-01,TW,蔚藍星球: 國王很忙,68d0ed4f23721398b4b9582f,iOS,iPad,383,406.25
2025-11-01,TW,蔚藍星球: 國王很忙,68d0ed4f23721398b4b9582f,iOS,iPhone,11801,29542.2
2025-11-02,HK,蔚藍星球: 國王很忙,68d0ed4f23721398b4b9582f,Android,Android,530,633.39
2025-11-02,HK,蔚藍星球: 國王很忙,68d0ed4f23721398b4b9582f,iOS,iPad,53,165.63
2025-11-02,HK,蔚藍星球: 國王很忙,68d0ed4f23721398b4b9582f,iOS,iPhone,2116,6483.69
2025-11-02,MO,蔚藍星球: 國王很忙,68d0ed4f23721398b4b9582f,Android,Android,32,44.01
2025-11-02,MO,蔚藍星球: 國王很忙,68d0ed4f23721398b4b9582f,iOS,iPad,3,22.54
2025-11-02,MO,蔚藍星球: 國王很忙,68d0ed4f23721398b4b9582f,iOS,iPhone,97,218.15
2025-11-02,TW,蔚藍星球: 國王很忙,68d0ed4f23721398b4b9582f,Android,Android,4321,4505.3
2025-11-02,TW,蔚藍星球: 國王很忙,68d0ed4f23721398b4b9582f,iOS,iPad,419,402.34
2025-11-02,TW,蔚藍星球: 國王很忙,68d0ed4f23721398b4b9582f,iOS,iPhone,4715,35273.81
2025-11-03,HK,蔚藍星球: 國王很忙,68d0ed4f23721398b4b9582f,Android,Android,545,589.02
2025-11-03,HK,蔚藍星球: 國王很忙,68d0ed4f23721398b4b9582f,iOS,iPad,44,123.26
2025-11-03,HK,蔚藍星球: 國王很忙,68d0ed4f23721398b4b9582f,iOS,iPhone,1762,4862.0
2025-11-03,MO,蔚藍星球: 國王很忙,68d0ed4f23721398b4b9582f,Android,Android,25,36.43
2025-11-03,MO,蔚藍星球: 國王很忙,68d0ed4f23721398b4b9582f,iOS,iPad,3,8.3
2025-11-03,MO,蔚藍星球: 國王很忙,68d0ed4f23721398b4b9582f,iOS,iPhone,120,206.02
2025-11-03,TW,蔚藍星球: 國王很忙,68d0ed4f23721398b4b9582f,Android,Android,6686,6663.09
2025-11-03,TW,蔚藍星球: 國王很忙,68d0ed4f23721398b4b9582f,iOS,iPad,273,437.46
2025-11-03,TW,蔚藍星球: 國王很忙,68d0ed4f23721398b4b9582f,iOS,iPhone,2759,24545.15
2025-11-04,HK,蔚藍星球: 國王很忙,68d0ed4f23721398b4b9582f,Android,Android,669,786.61
2025-11-04,HK,蔚藍星球: 國王很忙,68d0ed4f23721398b4b9582f,iOS,iPad,0,11.32
2025-11-04,HK,蔚藍星球: 國王很忙,68d0ed4f23721398b4b9582f,iOS,iPhone,0,80.43
2025-11-04,MO,蔚藍星球: 國王很忙,68d0ed4f23721398b4b9582f,Android,Android,22,52.48
2025-11-04,MO,蔚藍星球: 國王很忙,68d0ed4f23721398b4b9582f,iOS,iPad,0,0.11
2025-11-04,MO,蔚藍星球: 國王很忙,68d0ed4f23721398b4b9582f,iOS,iPhone,0,0.8
2025-11-04,TW,蔚藍星球: 國王很忙,68d0ed4f23721398b4b9582f,Android,Android,7191,4680.12
2025-11-04,TW,蔚藍星球: 國王很忙,68d0ed4f23721398b4b9582f,iOS,iPad,0,13.77
2025-11-04,TW,蔚藍星球: 國王很忙,68d0ed4f23721398b4b9582f,iOS,iPhone,1,223.33
2025-11-05,HK,蔚藍星球: 國王很忙,68d0ed4f23721398b4b9582f,Android,Android,508,893.0
2025-11-05,HK,蔚藍星球: 國王很忙,68d0ed4f23721398b4b9582f,iOS,iPad,0,12.0
2025-11-05,HK,蔚藍星球: 國王很忙,68d0ed4f23721398b4b9582f,iOS,iPhone,0,85.26
2025-11-05,MO,蔚藍星球: 國王很忙,68d0ed4f23721398b4b9582f,Android,Android,18,52.75
2025-11-05,MO,蔚藍星球: 國王很忙,68d0ed4f23721398b4b9582f,iOS,iPad,0,0.0
2025-11-05,MO,蔚藍星球: 國王很忙,68d0ed4f23721398b4b9582f,iOS,iPhone,0,1.43
2025-11-05,TW,蔚藍星球: 國王很忙,68d0ed4f23721398b4b9582f,Android,Android,4131,4968.54
2025-11-05,TW,蔚藍星球: 國王很忙,68d0ed4f23721398b4b9582f,iOS,iPad,0,10.75
2025-11-05,TW,蔚藍星球: 國王很忙,68d0ed4f23721398b4b9582f,iOS,iPhone,0,236.73
2025-11-06,HK,蔚藍星球: 國王很忙,68d0ed4f23721398b4b9582f,Android,Android,306,877.14
2025-11-06,HK,蔚藍星球: 國王很忙,68d0ed4f23721398b4b9582f,iOS,iPad,0,12.36
2025-11-06,HK,蔚藍星球: 國王很忙,68d0ed4f23721398b4b9582f,iOS,iPhone,0,87.82
2025-11-06,MO,蔚藍星球: 國王很忙,68d0ed4f23721398b4b9582f,Android,Android,10,51.72
2025-11-06,MO,蔚藍星球: 國王很忙,68d0ed4f23721398b4b9582f,iOS,iPad,0,0.0
2025-11-06,MO,蔚藍星球: 國王很忙,68d0ed4f23721398b4b9582f,iOS,iPhone,0,1.09
2025-11-06,TW,蔚藍星球: 國王很忙,68d0ed4f23721398b4b9582f,Android,Android,2273,5123.43
2025-11-06,TW,蔚藍星球: 國王很忙,68d0ed4f23721398b4b9582f,iOS,iPad,0,11.07
2025-11-06,TW,蔚藍星球: 國王很忙,68d0ed4f23721398b4b9582f,iOS,iPhone,0,243.83
2025-11-07,HK,蔚藍星球: 國王很忙,68d0ed4f23721398b4b9582f,Android,Android,375,986.6
2025-11-07,HK,蔚藍星球: 國王很忙,68d0ed4f23721398b4b9582f,iOS,iPad,0,15.49
2025-11-07,HK,蔚藍星球: 國王很忙,68d0ed4f23721398b4b9582f,iOS,iPhone,0,108.95
2025-11-07,MO,蔚藍星球: 國王很忙,68d0ed4f23721398b4b9582f,Android,Android,15,63.73
2025-11-07,MO,蔚藍星球: 國王很忙,68d0ed4f23721398b4b9582f,iOS,iPad,0,0.0
2025-11-07,MO,蔚藍星球: 國王很忙,68d0ed4f23721398b4b9582f,iOS,iPhone,0,1.29
2025-11-07,TW,蔚藍星球: 國王很忙,68d0ed4f23721398b4b9582f,Android,Android,2510,7368.51
2025-11-07,TW,蔚藍星球: 國王很忙,68d0ed4f23721398b4b9582f,iOS,iPad,0,13.55
2025-11-07,TW,蔚藍星球: 國王很忙,68d0ed4f23721398b4b9582f,iOS,iPhone,0,304.92
2025-11-08,HK,蔚藍星球: 國王很忙,68d0ed4f23721398b4b9582f,Android,Android,356,1479.28
2025-11-08,HK,蔚藍星球: 國王很忙,68d0ed4f23721398b4b9582f,iOS,iPad,0,17.81
2025-11-08,HK,蔚藍星球: 國王很忙,68d0ed4f23721398b4b9582f,iOS,iPhone,0,125.29
2025-11-08,MO,蔚藍星球: 國王很忙,68d0ed4f23721398b4b9582f,Android,Android,13,71.68
2025-11-08,MO,蔚藍星球: 國王很忙,68d0ed4f23721398b4b9582f,iOS,iPad,0,0.0
2025-11-08,MO,蔚藍星球: 國王很忙,68d0ed4f23721398b4b9582f,iOS,iPhone,0,0.72
2025-11-08,TW,蔚藍星球: 國王很忙,68d0ed4f23721398b4b9582f,Android,Android,2054,7766.01
2025-11-08,TW,蔚藍星球: 國王很忙,68d0ed4f23721398b4b9582f,iOS,iPad,0,10.43
2025-11-08,TW,蔚藍星球: 國王很忙,68d0ed4f23721398b4b9582f,iOS,iPhone,0,234.79
2025-11-09,HK,蔚藍星球: 國王很忙,68d0ed4f23721398b4b9582f,Android,Android,291,1715.39
2025-11-09,HK,蔚藍星球: 國王很忙,68d0ed4f23721398b4b9582f,iOS,iPad,4,239.8
2025-11-09,HK,蔚藍星球: 國王很忙,68d0ed4f23721398b4b9582f,iOS,iPhone,456,7897.85
2025-11-09,MO,蔚藍星球: 國王很忙,68d0ed4f23721398b4b9582f,Android,Android,10,63.84
2025-11-09,MO,蔚藍星球: 國王很忙,68d0ed4f23721398b4b9582f,iOS,iPad,2,8.26
2025-11-09,MO,蔚藍星球: 國王很忙,68d0ed4f23721398b4b9582f,iOS,iPhone,26,99.65
2025-11-09,TW,蔚藍星球: 國王很忙,68d0ed4f23721398b4b9582f,Android,Android,2116,7209.67
2025-11-09,TW,蔚藍星球: 國王很忙,68d0ed4f23721398b4b9582f,iOS,iPad,122,420.62
2025-11-09,TW,蔚藍星球: 國王很忙,68d0ed4f23721398b4b9582f,iOS,iPhone,1386,10471.54
2025-11-10,HK,蔚藍星球: 國王很忙,68d0ed4f23721398b4b9582f,Android,Android,295,1901.71
2025-11-10,HK,蔚藍星球: 國王很忙,68d0ed4f23721398b4b9582f,iOS,iPad,7,395.13
2025-11-10,HK,蔚藍星球: 國王很忙,68d0ed4f23721398b4b9582f,iOS,iPhone,513,8345.64
2025-11-10,MO,蔚藍星球: 國王很忙,68d0ed4f23721398b4b9582f,Android,Android,10,60.96
2025-11-10,MO,蔚藍星球: 國王很忙,68d0ed4f23721398b4b9582f,iOS,iPad,2,7.13
2025-11-10,MO,蔚藍星球: 國王很忙,68d0ed4f23721398b4b9582f,iOS,iPhone,35,192.51
2025-11-10,TW,蔚藍星球: 國王很忙,68d0ed4f23721398b4b9582f,Android,Android,1982,8496.45
2025-11-10,TW,蔚藍星球: 國王很忙,68d0ed4f23721398b4b9582f,iOS,iPad,107,867.03
2025-11-10,TW,蔚藍星球: 國王很忙,68d0ed4f23721398b4b9582f,iOS,iPhone,2702,29885.17
2025-11-11,HK,蔚藍星球: 國王很忙,68d0ed4f23721398b4b9582f,Android,Android,289,2201.89
2025-11-11,HK,蔚藍星球: 國王很忙,68d0ed4f23721398b4b9582f,iOS,iPad,6,154.34
2025-11-11,HK,蔚藍星球: 國王很忙,68d0ed4f23721398b4b9582f,iOS,iPhone,618,10318.35
2025-11-11,MO,蔚藍星球: 國王很忙,68d0ed4f23721398b4b9582f,Android,Android,12,67.8
2025-11-11,MO,蔚藍星球: 國王很忙,68d0ed4f23721398b4b9582f,iOS,iPad,0,6.87
2025-11-11,MO,蔚藍星球: 國王很忙,68d0ed4f23721398b4b9582f,iOS,iPhone,49,273.0
2025-11-11,TW,蔚藍星球: 國王很忙,68d0ed4f23721398b4b9582f,Android,Android,2030,14349.62
2025-11-11,TW,蔚藍星球: 國王很忙,68d0ed4f23721398b4b9582f,iOS,iPad,141,1117.25
2025-11-11,TW,蔚藍星球: 國王很忙,68d0ed4f23721398b4b9582f,iOS,iPhone,1763,36015.41
2025-11-12,HK,蔚藍星球: 國王很忙,68d0ed4f23721398b4b9582f,Android,Android,268,2693.02
2025-11-12,HK,蔚藍星球: 國王很忙,68d0ed4f23721398b4b9582f,iOS,iPad,9,179.21
2025-11-12,HK,蔚藍星球: 國王很忙,68d0ed4f23721398b4b9582f,iOS,iPhone,892,7515.12
2025-11-12,MO,蔚藍星球: 國王很忙,68d0ed4f23721398b4b9582f,Android,Android,11,66.2
2025-11-12,MO,蔚藍星球: 國王很忙,68d0ed4f23721398b4b9582f,iOS,iPad,1,6.49
2025-11-12,MO,蔚藍星球: 國王很忙,68d0ed4f23721398b4b9582f,iOS,iPhone,47,321.67
2025-11-12,TW,蔚藍星球: 國王很忙,68d0ed4f23721398b4b9582f,Android,Android,1590,9224.98
2025-11-12,TW,蔚藍星球: 國王很忙,68d0ed4f23721398b4b9582f,iOS,iPad,192,1271.23
2025-11-12,TW,蔚藍星球: 國王很忙,68d0ed4f23721398b4b9582f,iOS,iPhone,3350,39510.12
2025-11-13,HK,蔚藍星球: 國王很忙,68d0ed4f23721398b4b9582f,Android,Android,248,2804.87
2025-11-13,HK,蔚藍星球: 國王很忙,68d0ed4f23721398b4b9582f,iOS,iPad,12,134.34
2025-11-13,HK,蔚藍星球: 國王很忙,68d0ed4f23721398b4b9582f,iOS,iPhone,750,7020.17
2025-11-13,MO,蔚藍星球: 國王很忙,68d0ed4f23721398b4b9582f,Android,Android,8,64.59
2025-11-13,MO,蔚藍星球: 國王很忙,68d0ed4f23721398b4b9582f,iOS,iPad,2,2.25
2025-11-13,MO,蔚藍星球: 國王很忙,68d0ed4f23721398b4b9582f,iOS,iPhone,88,360.92
2025-11-13,TW,蔚藍星球: 國王很忙,68d0ed4f23721398b4b9582f,Android,Android,1626,11980.3
2025-11-13,TW,蔚藍星球: 國王很忙,68d0ed4f23721398b4b9582f,iOS,iPad,120,1079.51
2025-11-13,TW,蔚藍星球: 國王很忙,68d0ed4f23721398b4b9582f,iOS,iPhone,2071,36056.38
2025-11-14,HK,蔚藍星球: 國王很忙,68d0ed4f23721398b4b9582f,Android,Android,283,2639.98
2025-11-14,HK,蔚藍星球: 國王很忙,68d0ed4f23721398b4b9582f,iOS,iPad,10,119.02
2025-11-14,HK,蔚藍星球: 國王很忙,68d0ed4f23721398b4b9582f,iOS,iPhone,464,6732.29
2025-11-14,MO,蔚藍星球: 國王很忙,68d0ed4f23721398b4b9582f,Android,Android,11,64.76
2025-11-14,MO,蔚藍星球: 國王很忙,68d0ed4f23721398b4b9582f,iOS,iPad,0,8.55
2025-11-14,MO,蔚藍星球: 國王很忙,68d0ed4f23721398b4b9582f,iOS,iPhone,42,436.82
2025-11-14,TW,蔚藍星球: 國王很忙,68d0ed4f23721398b4b9582f,Android,Android,1500,12266.92
2025-11-14,TW,蔚藍星球: 國王很忙,68d0ed4f23721398b4b9582f,iOS,iPad,89,798.13
2025-11-14,TW,蔚藍星球: 國王很忙,68d0ed4f23721398b4b9582f,iOS,iPhone,3022,51535.53
2025-11-15,HK,蔚藍星球: 國王很忙,68d0ed4f23721398b4b9582f,Android,Android,277,3083.15
2025-11-15,HK,蔚藍星球: 國王很忙,68d0ed4f23721398b4b9582f,iOS,iPad,35,161.16
2025-11-15,HK,蔚藍星球: 國王很忙,68d0ed4f23721398b4b9582f,iOS,iPhone,491,8031.02
2025-11-15,MO,蔚藍星球: 國王很忙,68d0ed4f23721398b4b9582f,Android,Android,12,66.55
2025-11-15,MO,蔚藍星球: 國王很忙,68d0ed4f23721398b4b9582f,iOS,iPad,2,3.37
2025-11-15,MO,蔚藍星球: 國王很忙,68d0ed4f23721398b4b9582f,iOS,iPhone,24,390.19
2025-11-15,TW,蔚藍星球: 國王很忙,68d0ed4f23721398b4b9582f,Android,Android,1230,11873.67
2025-11-15,TW,蔚藍星球: 國王很忙,68d0ed4f23721398b4b9582f,iOS,iPad,147,1161.93
2025-11-15,TW,蔚藍星球: 國王很忙,68d0ed4f23721398b4b9582f,iOS,iPhone,2467,41354.08
2025-11-16,HK,蔚藍星球: 國王很忙,68d0ed4f23721398b4b9582f,Android,Android,205,2880.36
2025-11-16,HK,蔚藍星球: 國王很忙,68d0ed4f23721398b4b9582f,iOS,iPad,35,159.0
2025-11-16,HK,蔚藍星球: 國王很忙,68d0ed4f23721398b4b9582f,iOS,iPhone,605,8892.69
2025-11-16,MO,蔚藍星球: 國王很忙,68d0ed4f23721398b4b9582f,Android,Android,10,45.16
2025-11-16,MO,蔚藍星球: 國王很忙,68d0ed4f23721398b4b9582f,iOS,iPad,2,1.01
2025-11-16,MO,蔚藍星球: 國王很忙,68d0ed4f23721398b4b9582f,iOS,iPhone,46,438.21
2025-11-16,TW,蔚藍星球: 國王很忙,68d0ed4f23721398b4b9582f,Android,Android,1018,11143.25
2025-11-16,TW,蔚藍星球: 國王很忙,68d0ed4f23721398b4b9582f,iOS,iPad,154,984.23
2025-11-16,TW,蔚藍星球: 國王很忙,68d0ed4f23721398b4b9582f,iOS,iPhone,2612,41955.92
2025-11-17,HK,蔚藍星球: 國王很忙,68d0ed4f23721398b4b9582f,Android,Android,175,2548.58
2025-11-17,HK,蔚藍星球: 國王很忙,68d0ed4f23721398b4b9582f,iOS,iPad,19,289.02
2025-11-17,HK,蔚藍星球: 國王很忙,68d0ed4f23721398b4b9582f,iOS,iPhone,428,10762.69
2025-11-17,MO,蔚藍星球: 國王很忙,68d0ed4f23721398b4b9582f,Android,Android,9,55.47
2025-11-17,MO,蔚藍星球: 國王很忙,68d0ed4f23721398b4b9582f,iOS,iPad,0,2.3
2025-11-17,MO,蔚藍星球: 國王很忙,68d0ed4f23721398b4b9582f,iOS,iPhone,27,301.35
2025-11-17,TW,蔚藍星球: 國王很忙,68d0ed4f23721398b4b9582f,Android,Android,1065,9306.27
2025-11-17,TW,蔚藍星球: 國王很忙,68d0ed4f23721398b4b9582f,iOS,iPad,92,642.19
2025-11-17,TW,蔚藍星球: 國王很忙,68d0ed4f23721398b4b9582f,iOS,iPhone,2394,38470.39
2025-11-18,HK,蔚藍星球: 國王很忙,68d0ed4f23721398b4b9582f,Android,Android,223,2198.79
2025-11-18,HK,蔚藍星球: 國王很忙,68d0ed4f23721398b4b9582f,iOS,iPad,21,95.74
2025-11-18,HK,蔚藍星球: 國王很忙,68d0ed4f23721398b4b9582f,iOS,iPhone,369,5695.93
2025-11-18,MO,蔚藍星球: 國王很忙,68d0ed4f23721398b4b9582f,Android,Android,9,53.36
2025-11-18,MO,蔚藍星球: 國王很忙,68d0ed4f23721398b4b9582f,iOS,iPad,0,1.82
2025-11-18,MO,蔚藍星球: 國王很忙,68d0ed4f23721398b4b9582f,iOS,iPhone,21,232.6
2025-11-18,TW,蔚藍星球: 國王很忙,68d0ed4f23721398b4b9582f,Android,Android,1662,9468.95
2025-11-18,TW,蔚藍星球: 國王很忙,68d0ed4f23721398b4b9582f,iOS,iPad,67,742.9
2025-11-18,TW,蔚藍星球: 國王很忙,68d0ed4f23721398b4b9582f,iOS,iPhone,2176,34551.83
2025-11-19,HK,蔚藍星球: 國王很忙,68d0ed4f23721398b4b9582f,Android,Android,161,1668.57
2025-11-19,HK,蔚藍星球: 國王很忙,68d0ed4f23721398b4b9582f,iOS,iPad,17,125.04
2025-11-19,HK,蔚藍星球: 國王很忙,68d0ed4f23721398b4b9582f,iOS,iPhone,367,4994.86
2025-11-19,MO,蔚藍星球: 國王很忙,68d0ed4f23721398b4b9582f,Android,Android,7,52.93
2025-11-19,MO,蔚藍星球: 國王很忙,68d0ed4f23721398b4b9582f,iOS,iPad,0,10.67
2025-11-19,MO,蔚藍星球: 國王很忙,68d0ed4f23721398b4b9582f,iOS,iPhone,13,250.82
2025-11-19,TW,蔚藍星球: 國王很忙,68d0ed4f23721398b4b9582f,Android,Android,656,10042.0
2025-11-19,TW,蔚藍星球: 國王很忙,68d0ed4f23721398b4b9582f,iOS,iPad,59,542.87
2025-11-19,TW,蔚藍星球: 國王很忙,68d0ed4f23721398b4b9582f,iOS,iPhone,1823,42971.03
2025-11-20,HK,蔚藍星球: 國王很忙,68d0ed4f23721398b4b9582f,Android,Android,128,2201.78
2025-11-20,HK,蔚藍星球: 國王很忙,68d0ed4f23721398b4b9582f,iOS,iPad,14,126.93
2025-11-20,HK,蔚藍星球: 國王很忙,68d0ed4f23721398b4b9582f,iOS,iPhone,251,6958.11
2025-11-20,MO,蔚藍星球: 國王很忙,68d0ed4f23721398b4b9582f,Android,Android,4,58.7
2025-11-20,MO,蔚藍星球: 國王很忙,68d0ed4f23721398b4b9582f,iOS,iPad,0,23.13
2025-11-20,MO,蔚藍星球: 國王很忙,68d0ed4f23721398b4b9582f,iOS,iPhone,15,220.64
2025-11-20,TW,蔚藍星球: 國王很忙,68d0ed4f23721398b4b9582f,Android,Android,671,10329.23
2025-11-20,TW,蔚藍星球: 國王很忙,68d0ed4f23721398b4b9582f,iOS,iPad,57,689.9
2025-11-20,TW,蔚藍星球: 國王很忙,68d0ed4f23721398b4b9582f,iOS,iPhone,1705,34356.39
2025-11-21,HK,蔚藍星球: 國王很忙,68d0ed4f23721398b4b9582f,Android,Android,133,3138.86
2025-11-21,HK,蔚藍星球: 國王很忙,68d0ed4f23721398b4b9582f,iOS,iPad,9,147.38
2025-11-21,HK,蔚藍星球: 國王很忙,68d0ed4f23721398b4b9582f,iOS,iPhone,228,7806.33
2025-11-21,MO,蔚藍星球: 國王很忙,68d0ed4f23721398b4b9582f,Android,Android,5,64.94
2025-11-21,MO,蔚藍星球: 國王很忙,68d0ed4f23721398b4b9582f,iOS,iPad,0,11.31
2025-11-21,MO,蔚藍星球: 國王很忙,68d0ed4f23721398b4b9582f,iOS,iPhone,28,267.79
2025-11-21,TW,蔚藍星球: 國王很忙,68d0ed4f23721398b4b9582f,Android,Android,695,11836.04
2025-11-21,TW,蔚藍星球: 國王很忙,68d0ed4f23721398b4b9582f,iOS,iPad,60,558.28
2025-11-21,TW,蔚藍星球: 國王很忙,68d0ed4f23721398b4b9582f,iOS,iPhone,1705,54725.98
2025-11-22,HK,蔚藍星球: 國王很忙,68d0ed4f23721398b4b9582f,Android,Android,113,2533.03
2025-11-22,HK,蔚藍星球: 國王很忙,68d0ed4f23721398b4b9582f,iOS,iPad,10,210.52
2025-11-22,HK,蔚藍星球: 國王很忙,68d0ed4f23721398b4b9582f,iOS,iPhone,260,8791.57
2025-11-22,MO,蔚藍星球: 國王很忙,68d0ed4f23721398b4b9582f,Android,Android,2,61.32
2025-11-22,MO,蔚藍星球: 國王很忙,68d0ed4f23721398b4b9582f,iOS,iPad,0,10.19
2025-11-22,MO,蔚藍星球: 國王很忙,68d0ed4f23721398b4b9582f,iOS,iPhone,15,209.89
2025-11-22,TW,蔚藍星球: 國王很忙,68d0ed4f23721398b4b9582f,Android,Android,666,10648.59
2025-11-22,TW,蔚藍星球: 國王很忙,68d0ed4f23721398b4b9582f,iOS,iPad,91,607.22
2025-11-22,TW,蔚藍星球: 國王很忙,68d0ed4f23721398b4b9582f,iOS,iPhone,2049,40123.34
2025-11-23,HK,蔚藍星球: 國王很忙,68d0ed4f23721398b4b9582f,Android,Android,93,2389.23
2025-11-23,HK,蔚藍星球: 國王很忙,68d0ed4f23721398b4b9582f,iOS,iPad,12,100.97
2025-11-23,HK,蔚藍星球: 國王很忙,68d0ed4f23721398b4b9582f,iOS,iPhone,277,8531.86
2025-11-23,MO,蔚藍星球: 國王很忙,68d0ed4f23721398b4b9582f,Android,Android,2,56.14
2025-11-23,MO,蔚藍星球: 國王很忙,68d0ed4f23721398b4b9582f,iOS,iPad,0,3.8
2025-11-23,MO,蔚藍星球: 國王很忙,68d0ed4f23721398b4b9582f,iOS,iPhone,9,279.75
2025-11-23,TW,蔚藍星球: 國王很忙,68d0ed4f23721398b4b9582f,Android,Android,494,10172.77
2025-11-23,TW,蔚藍星球: 國王很忙,68d0ed4f23721398b4b9582f,iOS,iPad,92,839.9
2025-11-23,TW,蔚藍星球: 國王很忙,68d0ed4f23721398b4b9582f,iOS,iPhone,1808,37303.81
2025-11-24,HK,蔚藍星球: 國王很忙,68d0ed4f23721398b4b9582f,Android,Android,87,2200.51
2025-11-24,HK,蔚藍星球: 國王很忙,68d0ed4f23721398b4b9582f,iOS,iPad,4,164.72
2025-11-24,HK,蔚藍星球: 國王很忙,68d0ed4f23721398b4b9582f,iOS,iPhone,247,6564.61
2025-11-24,MO,蔚藍星球: 國王很忙,68d0ed4f23721398b4b9582f,Android,Android,3,22.23
2025-11-24,MO,蔚藍星球: 國王很忙,68d0ed4f23721398b4b9582f,iOS,iPad,0,2.91
2025-11-24,MO,蔚藍星球: 國王很忙,68d0ed4f23721398b4b9582f,iOS,iPhone,15,282.61
2025-11-24,TW,蔚藍星球: 國王很忙,68d0ed4f23721398b4b9582f,Android,Android,450,8726.81
2025-11-24,TW,蔚藍星球: 國王很忙,68d0ed4f23721398b4b9582f,iOS,iPad,35,690.21
2025-11-24,TW,蔚藍星球: 國王很忙,68d0ed4f23721398b4b9582f,iOS,iPhone,1394,35907.1
2025-11-25,HK,蔚藍星球: 國王很忙,68d0ed4f23721398b4b9582f,Android,Android,97,1942.97
2025-11-25,HK,蔚藍星球: 國王很忙,68d0ed4f23721398b4b9582f,iOS,iPad,4,92.68
2025-11-25,HK,蔚藍星球: 國王很忙,68d0ed4f23721398b4b9582f,iOS,iPhone,217,9092.37
2025-11-25,MO,蔚藍星球: 國王很忙,68d0ed4f23721398b4b9582f,Android,Android,3,19.75
2025-11-25,MO,蔚藍星球: 國王很忙,68d0ed4f23721398b4b9582f,iOS,iPad,0,8.18
2025-11-25,MO,蔚藍星球: 國王很忙,68d0ed4f23721398b4b9582f,iOS,iPhone,20,181.54
2025-11-25,TW,蔚藍星球: 國王很忙,68d0ed4f23721398b4b9582f,Android,Android,421,9376.39
2025-11-25,TW,蔚藍星球: 國王很忙,68d0ed4f23721398b4b9582f,iOS,iPad,34,740.36
2025-11-25,TW,蔚藍星球: 國王很忙,68d0ed4f23721398b4b9582f,iOS,iPhone,1206,37706.26
2025-11-26,HK,蔚藍星球: 國王很忙,68d0ed4f23721398b4b9582f,Android,Android,96,1653.04
2025-11-26,HK,蔚藍星球: 國王很忙,68d0ed4f23721398b4b9582f,iOS,iPad,6,89.69
2025-11-26,HK,蔚藍星球: 國王很忙,68d0ed4f23721398b4b9582f,iOS,iPhone,191,4944.19
2025-11-26,MO,蔚藍星球: 國王很忙,68d0ed4f23721398b4b9582f,Android,Android,3,23.93
2025-11-26,MO,蔚藍星球: 國王很忙,68d0ed4f23721398b4b9582f,iOS,iPad,0,10.07
2025-11-26,MO,蔚藍星球: 國王很忙,68d0ed4f23721398b4b9582f,iOS,iPhone,20,177.69
2025-11-26,TW,蔚藍星球: 國王很忙,68d0ed4f23721398b4b9582f,Android,Android,351,9317.84
2025-11-26,TW,蔚藍星球: 國王很忙,68d0ed4f23721398b4b9582f,iOS,iPad,32,690.06
2025-11-26,TW,蔚藍星球: 國王很忙,68d0ed4f23721398b4b9582f,iOS,iPhone,1336,31839.56
2025-11-27,HK,蔚藍星球: 國王很忙,68d0ed4f23721398b4b9582f,Android,Android,92,2397.78
2025-11-27,HK,蔚藍星球: 國王很忙,68d0ed4f23721398b4b9582f,iOS,iPad,6,59.96
2025-11-27,HK,蔚藍星球: 國王很忙,68d0ed4f23721398b4b9582f,iOS,iPhone,173,5495.58
2025-11-27,MO,蔚藍星球: 國王很忙,68d0ed4f23721398b4b9582f,Android,Android,2,24.69
2025-11-27,MO,蔚藍星球: 國王很忙,68d0ed4f23721398b4b9582f,iOS,iPad,0,8.97
2025-11-27,MO,蔚藍星球: 國王很忙,68d0ed4f23721398b4b9582f,iOS,iPhone,15,88.49
2025-11-27,TW,蔚藍星球: 國王很忙,68d0ed4f23721398b4b9582f,Android,Android,398,10746.07
2025-11-27,TW,蔚藍星球: 國王很忙,68d0ed4f23721398b4b9582f,iOS,iPad,34,1015.38
2025-11-27,TW,蔚藍星球: 國王很忙,68d0ed4f23721398b4b9582f,iOS,iPhone,1053,29712.44
2025-11-28,HK,蔚藍星球: 國王很忙,68d0ed4f23721398b4b9582f,Android,Android,122,3662.3
2025-11-28,HK,蔚藍星球: 國王很忙,68d0ed4f23721398b4b9582f,iOS,iPad,6,169.59
2025-11-28,HK,蔚藍星球: 國王很忙,68d0ed4f23721398b4b9582f,iOS,iPhone,170,8290.31
2025-11-28,MO,蔚藍星球: 國王很忙,68d0ed4f23721398b4b9582f,Android,Android,3,32.89
2025-11-28,MO,蔚藍星球: 國王很忙,68d0ed4f23721398b4b9582f,iOS,iPad,0,10.18
2025-11-28,MO,蔚藍星球: 國王很忙,68d0ed4f23721398b4b9582f,iOS,iPhone,12,300.29
2025-11-28,TW,蔚藍星球: 國王很忙,68d0ed4f23721398b4b9582f,Android,Android,567,12425.37
2025-11-28,TW,蔚藍星球: 國王很忙,68d0ed4f23721398b4b9582f,iOS,iPad,37,1017.71
2025-11-28,TW,蔚藍星球: 國王很忙,68d0ed4f23721398b4b9582f,iOS,iPhone,1019,55135.97
2025-11-29,HK,蔚藍星球: 國王很忙,68d0ed4f23721398b4b9582f,Android,Android,130,2927.42
2025-11-29,HK,蔚藍星球: 國王很忙,68d0ed4f23721398b4b9582f,iOS,iPad,5,225.06
2025-11-29,HK,蔚藍星球: 國王很忙,68d0ed4f23721398b4b9582f,iOS,iPhone,217,13942.69
2025-11-29,MO,蔚藍星球: 國王很忙,68d0ed4f23721398b4b9582f,Android,Android,5,34.73
2025-11-29,MO,蔚藍星球: 國王很忙,68d0ed4f23721398b4b9582f,iOS,iPad,0,2.98
2025-11-29,MO,蔚藍星球: 國王很忙,68d0ed4f23721398b4b9582f,iOS,iPhone,6,689.67
2025-11-29,TW,蔚藍星球: 國王很忙,68d0ed4f23721398b4b9582f,Android,Android,571,9931.77
2025-11-29,TW,蔚藍星球: 國王很忙,68d0ed4f23721398b4b9582f,iOS,iPad,71,858.66
2025-11-29,TW,蔚藍星球: 國王很忙,68d0ed4f23721398b4b9582f,iOS,iPhone,1222,50341.92
2025-11-30,HK,蔚藍星球: 國王很忙,68d0ed4f23721398b4b9582f,Android,Android,109,2762.83
2025-11-30,HK,蔚藍星球: 國王很忙,68d0ed4f23721398b4b9582f,iOS,iPad,2,171.92
2025-11-30,HK,蔚藍星球: 國王很忙,68d0ed4f23721398b4b9582f,iOS,iPhone,235,8190.74
2025-11-30,MO,蔚藍星球: 國王很忙,68d0ed4f23721398b4b9582f,Android,Android,3,33.66
2025-11-30,MO,蔚藍星球: 國王很忙,68d0ed4f23721398b4b9582f,iOS,iPad,0,6.76
2025-11-30,MO,蔚藍星球: 國王很忙,68d0ed4f23721398b4b9582f,iOS,iPhone,7,369.94
2025-11-30,TW,蔚藍星球: 國王很忙,68d0ed4f23721398b4b9582f,Android,Android,437,14322.77
2025-11-30,TW,蔚藍星球: 國王很忙,68d0ed4f23721398b4b9582f,iOS,iPad,66,684.15
2025-11-30,TW,蔚藍星球: 國王很忙,68d0ed4f23721398b4b9582f,iOS,iPhone,1275,48492.44
2025-12-01,HK,蔚藍星球: 國王很忙,68d0ed4f23721398b4b9582f,Android,Android,88,2947.94
2025-12-01,HK,蔚藍星球: 國王很忙,68d0ed4f23721398b4b9582f,iOS,iPad,0,74.2
2025-12-01,HK,蔚藍星球: 國王很忙,68d0ed4f23721398b4b9582f,iOS,iPhone,152,8382.87
2025-12-01,MO,蔚藍星球: 國王很忙,68d0ed4f23721398b4b9582f,Android,Android,3,33.51
2025-12-01,MO,蔚藍星球: 國王很忙,68d0ed4f23721398b4b9582f,iOS,iPad,0,6.16
2025-12-01,MO,蔚藍星球: 國王很忙,68d0ed4f23721398b4b9582f,iOS,iPhone,3,389.87
2025-12-01,TW,蔚藍星球: 國王很忙,68d0ed4f23721398b4b9582f,Android,Android,353,13748.62
2025-12-01,TW,蔚藍星球: 國王很忙,68d0ed4f23721398b4b9582f,iOS,iPad,28,662.03
2025-12-01,TW,蔚藍星球: 國王很忙,68d0ed4f23721398b4b9582f,iOS,iPhone,1149,50481.12
2025-12-02,HK,蔚藍星球: 國王很忙,68d0ed4f23721398b4b9582f,Android,Android,92,2590.94
2025-12-02,HK,蔚藍星球: 國王很忙,68d0ed4f23721398b4b9582f,iOS,iPad,1,80.35
2025-12-02,HK,蔚藍星球: 國王很忙,68d0ed4f23721398b4b9582f,iOS,iPhone,120,5767.21
2025-12-02,MO,蔚藍星球: 國王很忙,68d0ed4f23721398b4b9582f,Android,Android,2,35.0
2025-12-02,MO,蔚藍星球: 國王很忙,68d0ed4f23721398b4b9582f,iOS,iPad,0,4.01
2025-12-02,MO,蔚藍星球: 國王很忙,68d0ed4f23721398b4b9582f,iOS,iPhone,0,338.34
2025-12-02,TW,蔚藍星球: 國王很忙,68d0ed4f23721398b4b9582f,Android,Android,803,10334.07
2025-12-02,TW,蔚藍星球: 國王很忙,68d0ed4f23721398b4b9582f,iOS,iPad,25,700.35
2025-12-02,TW,蔚藍星球: 國王很忙,68d0ed4f23721398b4b9582f,iOS,iPhone,869,41606.6
2025-12-03,HK,蔚藍星球: 國王很忙,68d0ed4f23721398b4b9582f,Android,Android,94,1721.22
2025-12-03,HK,蔚藍星球: 國王很忙,68d0ed4f23721398b4b9582f,iOS,iPad,4,121.82
2025-12-03,HK,蔚藍星球: 國王很忙,68d0ed4f23721398b4b9582f,iOS,iPhone,128,6189.11
2025-12-03,MO,蔚藍星球: 國王很忙,68d0ed4f23721398b4b9582f,Android,Android,1,31.8
2025-12-03,MO,蔚藍星球: 國王很忙,68d0ed4f23721398b4b9582f,iOS,iPad,0,1.4
2025-12-03,MO,蔚藍星球: 國王很忙,68d0ed4f23721398b4b9582f,iOS,iPhone,9,315.91
2025-12-03,TW,蔚藍星球: 國王很忙,68d0ed4f23721398b4b9582f,Android,Android,382,12635.7
2025-12-03,TW,蔚藍星球: 國王很忙,68d0ed4f23721398b4b9582f,iOS,iPad,28,784.03
2025-12-03,TW,蔚藍星球: 國王很忙,68d0ed4f23721398b4b9582f,iOS,iPhone,1063,43438.14
2025-12-04,HK,蔚藍星球: 國王很忙,68d0ed4f23721398b4b9582f,Android,Android,74,1948.99
2025-12-04,HK,蔚藍星球: 國王很忙,68d0ed4f23721398b4b9582f,iOS,iPad,9,196.77
2025-12-04,HK,蔚藍星球: 國王很忙,68d0ed4f23721398b4b9582f,iOS,iPhone,117,7632.11
2025-12-04,MO,蔚藍星球: 國王很忙,68d0ed4f23721398b4b9582f,Android,Android,2,38.41
2025-12-04,MO,蔚藍星球: 國王很忙,68d0ed4f23721398b4b9582f,iOS,iPad,0,12.34
2025-12-04,MO,蔚藍星球: 國王很忙,68d0ed4f23721398b4b9582f,iOS,iPhone,3,228.94
2025-12-04,TW,蔚藍星球: 國王很忙,68d0ed4f23721398b4b9582f,Android,Android,374,9521.85
2025-12-04,TW,蔚藍星球: 國王很忙,68d0ed4f23721398b4b9582f,iOS,iPad,29,907.59
2025-12-04,TW,蔚藍星球: 國王很忙,68d0ed4f23721398b4b9582f,iOS,iPhone,927,37604.48
2025-12-05,HK,蔚藍星球: 國王很忙,68d0ed4f23721398b4b9582f,Android,Android,73,2949.63
2025-12-05,HK,蔚藍星球: 國王很忙,68d0ed4f23721398b4b9582f,iOS,iPad,6,100.36
2025-12-05,HK,蔚藍星球: 國王很忙,68d0ed4f23721398b4b9582f,iOS,iPhone,116,8398.91
2025-12-05,MO,蔚藍星球: 國王很忙,68d0ed4f23721398b4b9582f,Android,Android,3,32.52
2025-12-05,MO,蔚藍星球: 國王很忙,68d0ed4f23721398b4b9582f,iOS,iPad,0,8.93
2025-12-05,MO,蔚藍星球: 國王很忙,68d0ed4f23721398b4b9582f,iOS,iPhone,0,247.98
2025-12-05,TW,蔚藍星球: 國王很忙,68d0ed4f23721398b4b9582f,Android,Android,419,9603.63
2025-12-05,TW,蔚藍星球: 國王很忙,68d0ed4f23721398b4b9582f,iOS,iPad,41,795.33
2025-12-05,TW,蔚藍星球: 國王很忙,68d0ed4f23721398b4b9582f,iOS,iPhone,874,40790.02
2025-12-06,HK,蔚藍星球: 國王很忙,68d0ed4f23721398b4b9582f,Android,Android,64,2608.58
2025-12-06,HK,蔚藍星球: 國王很忙,68d0ed4f23721398b4b9582f,iOS,iPad,7,93.94
2025-12-06,HK,蔚藍星球: 國王很忙,68d0ed4f23721398b4b9582f,iOS,iPhone,131,8119.5
2025-12-06,MO,蔚藍星球: 國王很忙,68d0ed4f23721398b4b9582f,Android,Android,2,31.36
2025-12-06,MO,蔚藍星球: 國王很忙,68d0ed4f23721398b4b9582f,iOS,iPad,0,2.89
2025-12-06,MO,蔚藍星球: 國王很忙,68d0ed4f23721398b4b9582f,iOS,iPhone,5,234.06
2025-12-06,TW,蔚藍星球: 國王很忙,68d0ed4f23721398b4b9582f,Android,Android,471,8508.64
2025-12-06,TW,蔚藍星球: 國王很忙,68d0ed4f23721398b4b9582f,iOS,iPad,72,1014.51
2025-12-06,TW,蔚藍星球: 國王很忙,68d0ed4f23721398b4b9582f,iOS,iPhone,850,44023.4
2025-12-07,HK,蔚藍星球: 國王很忙,68d0ed4f23721398b4b9582f,Android,Android,38,2283.48
2025-12-07,HK,蔚藍星球: 國王很忙,68d0ed4f23721398b4b9582f,iOS,iPad,6,134.12
2025-12-07,HK,蔚藍星球: 國王很忙,68d0ed4f23721398b4b9582f,iOS,iPhone,73,7869.19
2025-12-07,MO,蔚藍星球: 國王很忙,68d0ed4f23721398b4b9582f,Android,Android,0,27.41
2025-12-07,MO,蔚藍星球: 國王很忙,68d0ed4f23721398b4b9582f,iOS,iPad,0,12.72
2025-12-07,MO,蔚藍星球: 國王很忙,68d0ed4f23721398b4b9582f,iOS,iPhone,18,261.22
2025-12-07,TW,蔚藍星球: 國王很忙,68d0ed4f23721398b4b9582f,Android,Android,366,8532.86
2025-12-07,TW,蔚藍星球: 國王很忙,68d0ed4f23721398b4b9582f,iOS,iPad,56,793.01
2025-12-07,TW,蔚藍星球: 國王很忙,68d0ed4f23721398b4b9582f,iOS,iPhone,1007,38619.63
2025-12-08,HK,蔚藍星球: 國王很忙,68d0ed4f23721398b4b9582f,Android,Android,32,2307.68
2025-12-08,HK,蔚藍星球: 國王很忙,68d0ed4f23721398b4b9582f,iOS,iPad,9,69.97
2025-12-08,HK,蔚藍星球: 國王很忙,68d0ed4f23721398b4b9582f,iOS,iPhone,133,6436.24
2025-12-08,MO,蔚藍星球: 國王很忙,68d0ed4f23721398b4b9582f,Android,Android,0,24.67
2025-12-08,MO,蔚藍星球: 國王很忙,68d0ed4f23721398b4b9582f,iOS,iPad,0,8.78
2025-12-08,MO,蔚藍星球: 國王很忙,68d0ed4f23721398b4b9582f,iOS,iPhone,24,399.78
2025-12-08,TW,蔚藍星球: 國王很忙,68d0ed4f23721398b4b9582f,Android,Android,341,9134.63
2025-12-08,TW,蔚藍星球: 國王很忙,68d0ed4f23721398b4b9582f,iOS,iPad,31,624.76
2025-12-08,TW,蔚藍星球: 國王很忙,68d0ed4f23721398b4b9582f,iOS,iPhone,808,37841.04
2025-12-09,HK,蔚藍星球: 國王很忙,68d0ed4f23721398b4b9582f,Android,Android,31,2344.42
2025-12-09,HK,蔚藍星球: 國王很忙,68d0ed4f23721398b4b9582f,iOS,iPad,0,44.81
2025-12-09,HK,蔚藍星球: 國王很忙,68d0ed4f23721398b4b9582f,iOS,iPhone,133,9821.86
2025-12-09,MO,蔚藍星球: 國王很忙,68d0ed4f23721398b4b9582f,Android,Android,0,23.21
2025-12-09,MO,蔚藍星球: 國王很忙,68d0ed4f23721398b4b9582f,iOS,iPad,0,7.2
2025-12-09,MO,蔚藍星球: 國王很忙,68d0ed4f23721398b4b9582f,iOS,iPhone,11,258.94
2025-12-09,TW,蔚藍星球: 國王很忙,68d0ed4f23721398b4b9582f,Android,Android,709,9084.19
2025-12-09,TW,蔚藍星球: 國王很忙,68d0ed4f23721398b4b9582f,iOS,iPad,33,728.14
2025-12-09,TW,蔚藍星球: 國王很忙,68d0ed4f23721398b4b9582f,iOS,iPhone,1041,37619.03
2025-12-10,HK,蔚藍星球: 國王很忙,68d0ed4f23721398b4b9582f,Android,Android,33,2134.47
2025-12-10,HK,蔚藍星球: 國王很忙,68d0ed4f23721398b4b9582f,iOS,iPad,8,92.93
2025-12-10,HK,蔚藍星球: 國王很忙,68d0ed4f23721398b4b9582f,iOS,iPhone,99,5922.66
2025-12-10,MO,蔚藍星球: 國王很忙,68d0ed4f23721398b4b9582f,Android,Android,0,25.3
2025-12-10,MO,蔚藍星球: 國王很忙,68d0ed4f23721398b4b9582f,iOS,iPad,0,8.11
2025-12-10,MO,蔚藍星球: 國王很忙,68d0ed4f23721398b4b9582f,iOS,iPhone,15,180.87
2025-12-10,TW,蔚藍星球: 國王很忙,68d0ed4f23721398b4b9582f,Android,Android,266,8854.17
2025-12-10,TW,蔚藍星球: 國王很忙,68d0ed4f23721398b4b9582f,iOS,iPad,32,432.48
2025-12-10,TW,蔚藍星球: 國王很忙,68d0ed4f23721398b4b9582f,iOS,iPhone,645,37269.18
2025-12-11,HK,蔚藍星球: 國王很忙,68d0ed4f23721398b4b9582f,Android,Android,38,1607.67
2025-12-11,HK,蔚藍星球: 國王很忙,68d0ed4f23721398b4b9582f,iOS,iPad,8,176.77
2025-12-11,HK,蔚藍星球: 國王很忙,68d0ed4f23721398b4b9582f,iOS,iPhone,102,7299.2
2025-12-11,MO,蔚藍星球: 國王很忙,68d0ed4f23721398b4b9582f,Android,Android,0,17.15
2025-12-11,MO,蔚藍星球: 國王很忙,68d0ed4f23721398b4b9582f,iOS,iPad,0,13.19
2025-12-11,MO,蔚藍星球: 國王很忙,68d0ed4f23721398b4b9582f,iOS,iPhone,14,119.37
2025-12-11,TW,蔚藍星球: 國王很忙,68d0ed4f23721398b4b9582f,Android,Android,286,8605.82
2025-12-11,TW,蔚藍星球: 國王很忙,68d0ed4f23721398b4b9582f,iOS,iPad,39,542.3
2025-12-11,TW,蔚藍星球: 國王很忙,68d0ed4f23721398b4b9582f,iOS,iPhone,767,38550.56
2025-12-12,HK,蔚藍星球: 國王很忙,68d0ed4f23721398b4b9582f,Android,Android,52,2400.57
2025-12-12,HK,蔚藍星球: 國王很忙,68d0ed4f23721398b4b9582f,iOS,iPad,0,129.07
2025-12-12,HK,蔚藍星球: 國王很忙,68d0ed4f23721398b4b9582f,iOS,iPhone,98,6411.89
2025-12-12,MO,蔚藍星球: 國王很忙,68d0ed4f23721398b4b9582f,Android,Android,0,17.84
2025-12-12,MO,蔚藍星球: 國王很忙,68d0ed4f23721398b4b9582f,iOS,iPad,0,12.18
2025-12-12,MO,蔚藍星球: 國王很忙,68d0ed4f23721398b4b9582f,iOS,iPhone,11,135.88
2025-12-12,TW,蔚藍星球: 國王很忙,68d0ed4f23721398b4b9582f,Android,Android,339,9169.36
2025-12-12,TW,蔚藍星球: 國王很忙,68d0ed4f23721398b4b9582f,iOS,iPad,35,642.64
2025-12-12,TW,蔚藍星球: 國王很忙,68d0ed4f23721398b4b9582f,iOS,iPhone,888,65363.11
2025-12-13,HK,蔚藍星球: 國王很忙,68d0ed4f23721398b4b9582f,Android,Android,58,2144.02
2025-12-13,HK,蔚藍星球: 國王很忙,68d0ed4f23721398b4b9582f,iOS,iPad,7,105.97
2025-12-13,HK,蔚藍星球: 國王很忙,68d0ed4f23721398b4b9582f,iOS,iPhone,103,8036.78
2025-12-13,MO,蔚藍星球: 國王很忙,68d0ed4f23721398b4b9582f,Android,Android,0,19.4
2025-12-13,MO,蔚藍星球: 國王很忙,68d0ed4f23721398b4b9582f,iOS,iPad,0,3.5
2025-12-13,MO,蔚藍星球: 國王很忙,68d0ed4f23721398b4b9582f,iOS,iPhone,4,192.44
2025-12-13,TW,蔚藍星球: 國王很忙,68d0ed4f23721398b4b9582f,Android,Android,389,8316.42
2025-12-13,TW,蔚藍星球: 國王很忙,68d0ed4f23721398b4b9582f,iOS,iPad,65,638.5
2025-12-13,TW,蔚藍星球: 國王很忙,68d0ed4f23721398b4b9582f,iOS,iPhone,967,50970.16
2025-12-14,HK,蔚藍星球: 國王很忙,68d0ed4f23721398b4b9582f,Android,Android,40,1879.61
2025-12-14,HK,蔚藍星球: 國王很忙,68d0ed4f23721398b4b9582f,iOS,iPad,10,109.17
2025-12-14,HK,蔚藍星球: 國王很忙,68d0ed4f23721398b4b9582f,iOS,iPhone,54,11671.12
2025-12-14,MO,蔚藍星球: 國王很忙,68d0ed4f23721398b4b9582f,Android,Android,0,17.7
2025-12-14,MO,蔚藍星球: 國王很忙,68d0ed4f23721398b4b9582f,iOS,iPad,0,7.96
2025-12-14,MO,蔚藍星球: 國王很忙,68d0ed4f23721398b4b9582f,iOS,iPhone,0,244.67
2025-12-14,TW,蔚藍星球: 國王很忙,68d0ed4f23721398b4b9582f,Android,Android,300,8339.93
2025-12-14,TW,蔚藍星球: 國王很忙,68d0ed4f23721398b4b9582f,iOS,iPad,82,860.08
2025-12-14,TW,蔚藍星球: 國王很忙,68d0ed4f23721398b4b9582f,iOS,iPhone,1083,40140.4
2025-12-15,HK,蔚藍星球: 國王很忙,68d0ed4f23721398b4b9582f,Android,Android,59,1806.96
2025-12-15,HK,蔚藍星球: 國王很忙,68d0ed4f23721398b4b9582f,iOS,iPad,7,55.27
2025-12-15,HK,蔚藍星球: 國王很忙,68d0ed4f23721398b4b9582f,iOS,iPhone,117,6943.21
2025-12-15,MO,蔚藍星球: 國王很忙,68d0ed4f23721398b4b9582f,Android,Android,3,30.84
2025-12-15,MO,蔚藍星球: 國王很忙,68d0ed4f23721398b4b9582f,iOS,iPad,0,8.54
2025-12-15,MO,蔚藍星球: 國王很忙,68d0ed4f23721398b4b9582f,iOS,iPhone,5,334.27
2025-12-15,TW,蔚藍星球: 國王很忙,68d0ed4f23721398b4b9582f,Android,Android,333,7273.84
2025-12-15,TW,蔚藍星球: 國王很忙,68d0ed4f23721398b4b9582f,iOS,iPad,34,541.18
2025-12-15,TW,蔚藍星球: 國王很忙,68d0ed4f23721398b4b9582f,iOS,iPhone,828,43821.96
2025-12-16,HK,蔚藍星球: 國王很忙,68d0ed4f23721398b4b9582f,Android,Android,60,2027.87
2025-12-16,HK,蔚藍星球: 國王很忙,68d0ed4f23721398b4b9582f,iOS,iPad,6,32.04
2025-12-16,HK,蔚藍星球: 國王很忙,68d0ed4f23721398b4b9582f,iOS,iPhone,147,5117.8
2025-12-16,MO,蔚藍星球: 國王很忙,68d0ed4f23721398b4b9582f,Android,Android,2,41.84
2025-12-16,MO,蔚藍星球: 國王很忙,68d0ed4f23721398b4b9582f,iOS,iPad,0,2.28
2025-12-16,MO,蔚藍星球: 國王很忙,68d0ed4f23721398b4b9582f,iOS,iPhone,12,499.66
2025-12-16,TW,蔚藍星球: 國王很忙,68d0ed4f23721398b4b9582f,Android,Android,332,7283.52
2025-12-16,TW,蔚藍星球: 國王很忙,68d0ed4f23721398b4b9582f,iOS,iPad,32,924.6
2025-12-16,TW,蔚藍星球: 國王很忙,68d0ed4f23721398b4b9582f,iOS,iPhone,825,41992.05
2025-12-17,HK,蔚藍星球: 國王很忙,68d0ed4f23721398b4b9582f,Android,Android,58,1939.85
2025-12-17,HK,蔚藍星球: 國王很忙,68d0ed4f23721398b4b9582f,iOS,iPad,5,24.66
2025-12-17,HK,蔚藍星球: 國王很忙,68d0ed4f23721398b4b9582f,iOS,iPhone,142,6894.94
2025-12-17,MO,蔚藍星球: 國王很忙,68d0ed4f23721398b4b9582f,Android,Android,2,43.72
2025-12-17,MO,蔚藍星球: 國王很忙,68d0ed4f23721398b4b9582f,iOS,iPad,0,38.24
2025-12-17,MO,蔚藍星球: 國王很忙,68d0ed4f23721398b4b9582f,iOS,iPhone,7,504.57
2025-12-17,TW,蔚藍星球: 國王很忙,68d0ed4f23721398b4b9582f,Android,Android,317,8632.69
2025-12-17,TW,蔚藍星球: 國王很忙,68d0ed4f23721398b4b9582f,iOS,iPad,34,1252.65
2025-12-17,TW,蔚藍星球: 國王很忙,68d0ed4f23721398b4b9582f,iOS,iPhone,761,34507.44
2025-12-18,HK,蔚藍星球: 國王很忙,68d0ed4f23721398b4b9582f,Android,Android,60,2135.73
2025-12-18,HK,蔚藍星球: 國王很忙,68d0ed4f23721398b4b9582f,iOS,iPad,8,50.7
2025-12-18,HK,蔚藍星球: 國王很忙,68d0ed4f23721398b4b9582f,iOS,iPhone,124,4291.28
2025-12-18,MO,蔚藍星球: 國王很忙,68d0ed4f23721398b4b9582f,Android,Android,2,47.17
2025-12-18,MO,蔚藍星球: 國王很忙,68d0ed4f23721398b4b9582f,iOS,iPad,0,122.15
2025-12-18,MO,蔚藍星球: 國王很忙,68d0ed4f23721398b4b9582f,iOS,iPhone,6,440.68
2025-12-18,TW,蔚藍星球: 國王很忙,68d0ed4f23721398b4b9582f,Android,Android,350,7911.87
2025-12-18,TW,蔚藍星球: 國王很忙,68d0ed4f23721398b4b9582f,iOS,iPad,27,1274.6
2025-12-18,TW,蔚藍星球: 國王很忙,68d0ed4f23721398b4b9582f,iOS,iPhone,733,26935.29
2025-12-19,HK,蔚藍星球: 國王很忙,68d0ed4f23721398b4b9582f,Android,Android,81,2256.04
2025-12-19,HK,蔚藍星球: 國王很忙,68d0ed4f23721398b4b9582f,iOS,iPad,8,46.44
2025-12-19,HK,蔚藍星球: 國王很忙,68d0ed4f23721398b4b9582f,iOS,iPhone,113,9509.18
2025-12-19,MO,蔚藍星球: 國王很忙,68d0ed4f23721398b4b9582f,Android,Android,3,50.25
2025-12-19,MO,蔚藍星球: 國王很忙,68d0ed4f23721398b4b9582f,iOS,iPad,0,49.82
2025-12-19,MO,蔚藍星球: 國王很忙,68d0ed4f23721398b4b9582f,iOS,iPhone,4,291.92
2025-12-19,TW,蔚藍星球: 國王很忙,68d0ed4f23721398b4b9582f,Android,Android,493,10416.54
2025-12-19,TW,蔚藍星球: 國王很忙,68d0ed4f23721398b4b9582f,iOS,iPad,34,947.95
2025-12-19,TW,蔚藍星球: 國王很忙,68d0ed4f23721398b4b9582f,iOS,iPhone,686,44187.57
2025-12-20,HK,蔚藍星球: 國王很忙,68d0ed4f23721398b4b9582f,Android,Android,87,2354.56
2025-12-20,HK,蔚藍星球: 國王很忙,68d0ed4f23721398b4b9582f,iOS,iPad,14,35.56
2025-12-20,HK,蔚藍星球: 國王很忙,68d0ed4f23721398b4b9582f,iOS,iPhone,135,10297.1
2025-12-20,MO,蔚藍星球: 國王很忙,68d0ed4f23721398b4b9582f,Android,Android,4,52.26
2025-12-20,MO,蔚藍星球: 國王很忙,68d0ed4f23721398b4b9582f,iOS,iPad,0,24.89
2025-12-20,MO,蔚藍星球: 國王很忙,68d0ed4f23721398b4b9582f,iOS,iPhone,4,242.84
2025-12-20,TW,蔚藍星球: 國王很忙,68d0ed4f23721398b4b9582f,Android,Android,510,8625.7
2025-12-20,TW,蔚藍星球: 國王很忙,68d0ed4f23721398b4b9582f,iOS,iPad,80,899.62
2025-12-20,TW,蔚藍星球: 國王很忙,68d0ed4f23721398b4b9582f,iOS,iPhone,788,39745.11
2025-12-21,HK,蔚藍星球: 國王很忙,68d0ed4f23721398b4b9582f,Android,Android,47,2214.78
2025-12-21,HK,蔚藍星球: 國王很忙,68d0ed4f23721398b4b9582f,iOS,iPad,19,85.45
2025-12-21,HK,蔚藍星球: 國王很忙,68d0ed4f23721398b4b9582f,iOS,iPhone,156,7027.7
2025-12-21,MO,蔚藍星球: 國王很忙,68d0ed4f23721398b4b9582f,Android,Android,1,59.11
2025-12-21,MO,蔚藍星球: 國王很忙,68d0ed4f23721398b4b9582f,iOS,iPad,0,10.47
2025-12-21,MO,蔚藍星球: 國王很忙,68d0ed4f23721398b4b9582f,iOS,iPhone,12,225.95
2025-12-21,TW,蔚藍星球: 國王很忙,68d0ed4f23721398b4b9582f,Android,Android,224,5936.84
2025-12-21,TW,蔚藍星球: 國王很忙,68d0ed4f23721398b4b9582f,iOS,iPad,54,610.24
2025-12-21,TW,蔚藍星球: 國王很忙,68d0ed4f23721398b4b9582f,iOS,iPhone,806,37040.68
2025-12-22,HK,蔚藍星球: 國王很忙,68d0ed4f23721398b4b9582f,Android,Android,38,1748.77
2025-12-22,HK,蔚藍星球: 國王很忙,68d0ed4f23721398b4b9582f,iOS,iPad,17,93.93
2025-12-22,HK,蔚藍星球: 國王很忙,68d0ed4f23721398b4b9582f,iOS,iPhone,103,7215.16
2025-12-22,MO,蔚藍星球: 國王很忙,68d0ed4f23721398b4b9582f,Android,Android,0,50.52
2025-12-22,MO,蔚藍星球: 國王很忙,68d0ed4f23721398b4b9582f,iOS,iPad,0,3.45
2025-12-22,MO,蔚藍星球: 國王很忙,68d0ed4f23721398b4b9582f,iOS,iPhone,3,350.99
2025-12-22,TW,蔚藍星球: 國王很忙,68d0ed4f23721398b4b9582f,Android,Android,188,6251.13
2025-12-22,TW,蔚藍星球: 國王很忙,68d0ed4f23721398b4b9582f,iOS,iPad,31,825.45
2025-12-22,TW,蔚藍星球: 國王很忙,68d0ed4f23721398b4b9582f,iOS,iPhone,690,39077.36
2025-12-23,HK,蔚藍星球: 國王很忙,68d0ed4f23721398b4b9582f,Android,Android,41,1910.27
2025-12-23,HK,蔚藍星球: 國王很忙,68d0ed4f23721398b4b9582f,iOS,iPad,17,87.41
2025-12-23,HK,蔚藍星球: 國王很忙,68d0ed4f23721398b4b9582f,iOS,iPhone,115,7306.02
2025-12-23,MO,蔚藍星球: 國王很忙,68d0ed4f23721398b4b9582f,Android,Android,2,50.71
2025-12-23,MO,蔚藍星球: 國王很忙,68d0ed4f23721398b4b9582f,iOS,iPad,0,2.66
2025-12-23,MO,蔚藍星球: 國王很忙,68d0ed4f23721398b4b9582f,iOS,iPhone,14,181.66
2025-12-23,TW,蔚藍星球: 國王很忙,68d0ed4f23721398b4b9582f,Android,Android,175,7004.97
2025-12-23,TW,蔚藍星球: 國王很忙,68d0ed4f23721398b4b9582f,iOS,iPad,32,1069.21
2025-12-23,TW,蔚藍星球: 國王很忙,68d0ed4f23721398b4b9582f,iOS,iPhone,685,38270.79
2025-12-24,HK,蔚藍星球: 國王很忙,68d0ed4f23721398b4b9582f,Android,Android,42,1884.74
2025-12-24,HK,蔚藍星球: 國王很忙,68d0ed4f23721398b4b9582f,iOS,iPad,12,123.27
2025-12-24,HK,蔚藍星球: 國王很忙,68d0ed4f23721398b4b9582f,iOS,iPhone,180,7152.59
2025-12-24,MO,蔚藍星球: 國王很忙,68d0ed4f23721398b4b9582f,Android,Android,1,52.91
2025-12-24,MO,蔚藍星球: 國王很忙,68d0ed4f23721398b4b9582f,iOS,iPad,0,2.24
2025-12-24,MO,蔚藍星球: 國王很忙,68d0ed4f23721398b4b9582f,iOS,iPhone,14,130.11
2025-12-24,TW,蔚藍星球: 國王很忙,68d0ed4f23721398b4b9582f,Android,Android,145,5492.36
2025-12-24,TW,蔚藍星球: 國王很忙,68d0ed4f23721398b4b9582f,iOS,iPad,36,1222.36
2025-12-24,TW,蔚藍星球: 國王很忙,68d0ed4f23721398b4b9582f,iOS,iPhone,647,36703.24
2025-12-25,HK,蔚藍星球: 國王很忙,68d0ed4f23721398b4b9582f,Android,Android,43,1952.48
2025-12-25,HK,蔚藍星球: 國王很忙,68d0ed4f23721398b4b9582f,iOS,iPad,12,153.09
2025-12-25,HK,蔚藍星球: 國王很忙,68d0ed4f23721398b4b9582f,iOS,iPhone,198,6350.5
2025-12-25,MO,蔚藍星球: 國王很忙,68d0ed4f23721398b4b9582f,Android,Android,2,57.18
2025-12-25,MO,蔚藍星球: 國王很忙,68d0ed4f23721398b4b9582f,iOS,iPad,0,2.03
2025-12-25,MO,蔚藍星球: 國王很忙,68d0ed4f23721398b4b9582f,iOS,iPhone,13,227.76
2025-12-25,TW,蔚藍星球: 國王很忙,68d0ed4f23721398b4b9582f,Android,Android,136,7115.16
2025-12-25,TW,蔚藍星球: 國王很忙,68d0ed4f23721398b4b9582f,iOS,iPad,60,890.55
2025-12-25,TW,蔚藍星球: 國王很忙,68d0ed4f23721398b4b9582f,iOS,iPhone,717,40704.89
2025-12-26,HK,蔚藍星球: 國王很忙,68d0ed4f23721398b4b9582f,Android,Android,60,1967.59
2025-12-26,HK,蔚藍星球: 國王很忙,68d0ed4f23721398b4b9582f,iOS,iPad,9,119.04
2025-12-26,HK,蔚藍星球: 國王很忙,68d0ed4f23721398b4b9582f,iOS,iPhone,182,11927.07
2025-12-26,MO,蔚藍星球: 國王很忙,68d0ed4f23721398b4b9582f,Android,Android,3,63.48
2025-12-26,MO,蔚藍星球: 國王很忙,68d0ed4f23721398b4b9582f,iOS,iPad,0,1.59
2025-12-26,MO,蔚藍星球: 國王很忙,68d0ed4f23721398b4b9582f,iOS,iPhone,0,302.35
2025-12-26,TW,蔚藍星球: 國王很忙,68d0ed4f23721398b4b9582f,Android,Android,181,7513.61
2025-12-26,TW,蔚藍星球: 國王很忙,68d0ed4f23721398b4b9582f,iOS,iPad,40,1032.67
2025-12-26,TW,蔚藍星球: 國王很忙,68d0ed4f23721398b4b9582f,iOS,iPhone,614,46517.07
2025-12-27,HK,蔚藍星球: 國王很忙,68d0ed4f23721398b4b9582f,Android,Android,64,2040.89
2025-12-27,HK,蔚藍星球: 國王很忙,68d0ed4f23721398b4b9582f,iOS,iPad,10,114.9
2025-12-27,HK,蔚藍星球: 國王很忙,68d0ed4f23721398b4b9582f,iOS,iPhone,201,10236.03
2025-12-27,MO,蔚藍星球: 國王很忙,68d0ed4f23721398b4b9582f,Android,Android,3,62.99
2025-12-27,MO,蔚藍星球: 國王很忙,68d0ed4f23721398b4b9582f,iOS,iPad,2,0.09
2025-12-27,MO,蔚藍星球: 國王很忙,68d0ed4f23721398b4b9582f,iOS,iPhone,0,350.57
2025-12-27,TW,蔚藍星球: 國王很忙,68d0ed4f23721398b4b9582f,Android,Android,218,6699.24
2025-12-27,TW,蔚藍星球: 國王很忙,68d0ed4f23721398b4b9582f,iOS,iPad,83,926.55
2025-12-27,TW,蔚藍星球: 國王很忙,68d0ed4f23721398b4b9582f,iOS,iPhone,787,39560.22
2025-12-28,HK,蔚藍星球：國王很忙 - 叫上兄弟打巨怪,68d0ed4f23721398b4b9582f,Android,Android,55,2357.25
2025-12-28,HK,蔚藍星球：國王很忙 - 叫上兄弟打巨怪,68d0ed4f23721398b4b9582f,iOS,iPad,8,43.84
2025-12-28,HK,蔚藍星球：國王很忙 - 叫上兄弟打巨怪,68d0ed4f23721398b4b9582f,iOS,iPhone,149,7600.15
2025-12-28,MO,蔚藍星球：國王很忙 - 叫上兄弟打巨怪,68d0ed4f23721398b4b9582f,Android,Android,4,41.88
2025-12-28,MO,蔚藍星球：國王很忙 - 叫上兄弟打巨怪,68d0ed4f23721398b4b9582f,iOS,iPad,1,0.0
2025-12-28,MO,蔚藍星球：國王很忙 - 叫上兄弟打巨怪,68d0ed4f23721398b4b9582f,iOS,iPhone,8,228.05
2025-12-28,TW,蔚藍星球：國王很忙 - 叫上兄弟打巨怪,68d0ed4f23721398b4b9582f,Android,Android,181,6180.62
2025-12-28,TW,蔚藍星球：國王很忙 - 叫上兄弟打巨怪,68d0ed4f23721398b4b9582f,iOS,iPad,60,760.1
2025-12-28,TW,蔚藍星球：國王很忙 - 叫上兄弟打巨怪,68d0ed4f23721398b4b9582f,iOS,iPhone,824,32067.81
2025-12-29,HK,蔚藍星球：國王很忙 - 叫上兄弟打巨怪,68d0ed4f23721398b4b9582f,Android,Android,47,2124.56
2025-12-29,HK,蔚藍星球：國王很忙 - 叫上兄弟打巨怪,68d0ed4f23721398b4b9582f,iOS,iPad,9,28.02
2025-12-29,HK,蔚藍星球：國王很忙 - 叫上兄弟打巨怪,68d0ed4f23721398b4b9582f,iOS,iPhone,178,12215.01
2025-12-29,MO,蔚藍星球：國王很忙 - 叫上兄弟打巨怪,68d0ed4f23721398b4b9582f,Android,Android,3,46.17
2025-12-29,MO,蔚藍星球：國王很忙 - 叫上兄弟打巨怪,68d0ed4f23721398b4b9582f,iOS,iPad,0,18.85
2025-12-29,MO,蔚藍星球：國王很忙 - 叫上兄弟打巨怪,68d0ed4f23721398b4b9582f,iOS,iPhone,10,316.61
2025-12-29,TW,蔚藍星球：國王很忙 - 叫上兄弟打巨怪,68d0ed4f23721398b4b9582f,Android,Android,155,6260.07
2025-12-29,TW,蔚藍星球：國王很忙 - 叫上兄弟打巨怪,68d0ed4f23721398b4b9582f,iOS,iPad,33,510.79
2025-12-29,TW,蔚藍星球：國王很忙 - 叫上兄弟打巨怪,68d0ed4f23721398b4b9582f,iOS,iPhone,752,28971.05
2025-12-30,HK,蔚藍星球：國王很忙 - 叫上兄弟打巨怪,68d0ed4f23721398b4b9582f,Android,Android,37,2024.37
2025-12-30,HK,蔚藍星球：國王很忙 - 叫上兄弟打巨怪,68d0ed4f23721398b4b9582f,iOS,iPad,12,120.17
2025-12-30,HK,蔚藍星球：國王很忙 - 叫上兄弟打巨怪,68d0ed4f23721398b4b9582f,iOS,iPhone,174,13157.27
2025-12-30,MO,蔚藍星球：國王很忙 - 叫上兄弟打巨怪,68d0ed4f23721398b4b9582f,Android,Android,3,52.28
2025-12-30,MO,蔚藍星球：國王很忙 - 叫上兄弟打巨怪,68d0ed4f23721398b4b9582f,iOS,iPad,0,34.61
2025-12-30,MO,蔚藍星球：國王很忙 - 叫上兄弟打巨怪,68d0ed4f23721398b4b9582f,iOS,iPhone,13,298.76
2025-12-30,TW,蔚藍星球：國王很忙 - 叫上兄弟打巨怪,68d0ed4f23721398b4b9582f,Android,Android,286,6049.86
2025-12-30,TW,蔚藍星球：國王很忙 - 叫上兄弟打巨怪,68d0ed4f23721398b4b9582f,iOS,iPad,30,807.76
2025-12-30,TW,蔚藍星球：國王很忙 - 叫上兄弟打巨怪,68d0ed4f23721398b4b9582f,iOS,iPhone,672,33389.33
2025-12-31,HK,蔚藍星球：國王很忙 - 叫上兄弟打巨怪,68d0ed4f23721398b4b9582f,Android,Android,50,3361.0
2025-12-31,HK,蔚藍星球：國王很忙 - 叫上兄弟打巨怪,68d0ed4f23721398b4b9582f,iOS,iPad,15,110.88
2025-12-31,HK,蔚藍星球：國王很忙 - 叫上兄弟打巨怪,68d0ed4f23721398b4b9582f,iOS,iPhone,139,14146.7
2025-12-31,MO,蔚藍星球：國王很忙 - 叫上兄弟打巨怪,68d0ed4f23721398b4b9582f,Android,Android,4,53.95
2025-12-31,MO,蔚藍星球：國王很忙 - 叫上兄弟打巨怪,68d0ed4f23721398b4b9582f,iOS,iPad,0,21.14
2025-12-31,MO,蔚藍星球：國王很忙 - 叫上兄弟打巨怪,68d0ed4f23721398b4b9582f,iOS,iPhone,6,561.02
2025-12-31,TW,蔚藍星球：國王很忙 - 叫上兄弟打巨怪,68d0ed4f23721398b4b9582f,Android,Android,291,12598.14
2025-12-31,TW,蔚藍星球：國王很忙 - 叫上兄弟打巨怪,68d0ed4f23721398b4b9582f,iOS,iPad,39,625.98
2025-12-31,TW,蔚藍星球：國王很忙 - 叫上兄弟打巨怪,68d0ed4f23721398b4b9582f,iOS,iPhone,686,34847.73
2026-01-01,HK,蔚藍星球：國王很忙 - 叫上兄弟打巨怪,68d0ed4f23721398b4b9582f,Android,Android,34,3612.34
2026-01-01,HK,蔚藍星球：國王很忙 - 叫上兄弟打巨怪,68d0ed4f23721398b4b9582f,iOS,iPad,16,105.14
2026-01-01,HK,蔚藍星球：國王很忙 - 叫上兄弟打巨怪,68d0ed4f23721398b4b9582f,iOS,iPhone,151,19152.45
2026-01-01,MO,蔚藍星球：國王很忙 - 叫上兄弟打巨怪,68d0ed4f23721398b4b9582f,Android,Android,2,40.59
2026-01-01,MO,蔚藍星球：國王很忙 - 叫上兄弟打巨怪,68d0ed4f23721398b4b9582f,iOS,iPad,0,17.63
2026-01-01,MO,蔚藍星球：國王很忙 - 叫上兄弟打巨怪,68d0ed4f23721398b4b9582f,iOS,iPhone,13,324.77
2026-01-01,TW,蔚藍星球：國王很忙 - 叫上兄弟打巨怪,68d0ed4f23721398b4b9582f,Android,Android,279,11981.52
2026-01-01,TW,蔚藍星球：國王很忙 - 叫上兄弟打巨怪,68d0ed4f23721398b4b9582f,iOS,iPad,88,1293.08
2026-01-01,TW,蔚藍星球：國王很忙 - 叫上兄弟打巨怪,68d0ed4f23721398b4b9582f,iOS,iPhone,839,86548.57
2026-01-02,HK,蔚藍星球：國王很忙 - 叫上兄弟打巨怪,68d0ed4f23721398b4b9582f,Android,Android,26,2617.48
2026-01-02,HK,蔚藍星球：國王很忙 - 叫上兄弟打巨怪,68d0ed4f23721398b4b9582f,iOS,iPad,18,107.46
2026-01-02,HK,蔚藍星球：國王很忙 - 叫上兄弟打巨怪,68d0ed4f23721398b4b9582f,iOS,iPhone,112,10847.39
2026-01-02,MO,蔚藍星球：國王很忙 - 叫上兄弟打巨怪,68d0ed4f23721398b4b9582f,Android,Android,4,41.88
2026-01-02,MO,蔚藍星球：國王很忙 - 叫上兄弟打巨怪,68d0ed4f23721398b4b9582f,iOS,iPad,0,19.8
2026-01-02,MO,蔚藍星球：國王很忙 - 叫上兄弟打巨怪,68d0ed4f23721398b4b9582f,iOS,iPhone,12,418.57
2026-01-02,TW,蔚藍星球：國王很忙 - 叫上兄弟打巨怪,68d0ed4f23721398b4b9582f,Android,Android,269,8534.45
2026-01-02,TW,蔚藍星球：國王很忙 - 叫上兄弟打巨怪,68d0ed4f23721398b4b9582f,iOS,iPad,61,865.7
2026-01-02,TW,蔚藍星球：國王很忙 - 叫上兄弟打巨怪,68d0ed4f23721398b4b9582f,iOS,iPhone,730,53357.66
2026-01-03,HK,蔚藍星球：國王很忙 - 叫上兄弟打巨怪,68d0ed4f23721398b4b9582f,Android,Android,32,2474.64
2026-01-03,HK,蔚藍星球：國王很忙 - 叫上兄弟打巨怪,68d0ed4f23721398b4b9582f,iOS,iPad,16,39.85
2026-01-03,HK,蔚藍星球：國王很忙 - 叫上兄弟打巨怪,68d0ed4f23721398b4b9582f,iOS,iPhone,166,8192.49
2026-01-03,MO,蔚藍星球：國王很忙 - 叫上兄弟打巨怪,68d0ed4f23721398b4b9582f,Android,Android,3,42.1
2026-01-03,MO,蔚藍星球：國王很忙 - 叫上兄弟打巨怪,68d0ed4f23721398b4b9582f,iOS,iPad,2,10.86
2026-01-03,MO,蔚藍星球：國王很忙 - 叫上兄弟打巨怪,68d0ed4f23721398b4b9582f,iOS,iPhone,14,357.33
2026-01-03,TW,蔚藍星球：國王很忙 - 叫上兄弟打巨怪,68d0ed4f23721398b4b9582f,Android,Android,311,7261.09
2026-01-03,TW,蔚藍星球：國王很忙 - 叫上兄弟打巨怪,68d0ed4f23721398b4b9582f,iOS,iPad,109,742.47
2026-01-03,TW,蔚藍星球：國王很忙 - 叫上兄弟打巨怪,68d0ed4f23721398b4b9582f,iOS,iPhone,791,39695.32
2026-01-04,HK,蔚藍星球：國王很忙 - 叫上兄弟打巨怪,68d0ed4f23721398b4b9582f,Android,Android,27,2164.25
2026-01-04,HK,蔚藍星球：國王很忙 - 叫上兄弟打巨怪,68d0ed4f23721398b4b9582f,iOS,iPad,16,45.91
2026-01-04,HK,蔚藍星球：國王很忙 - 叫上兄弟打巨怪,68d0ed4f23721398b4b9582f,iOS,iPhone,242,6309.36
2026-01-04,MO,蔚藍星球：國王很忙 - 叫上兄弟打巨怪,68d0ed4f23721398b4b9582f,Android,Android,0,36.77
2026-01-04,MO,蔚藍星球：國王很忙 - 叫上兄弟打巨怪,68d0ed4f23721398b4b9582f,iOS,iPad,2,16.81
2026-01-04,MO,蔚藍星球：國王很忙 - 叫上兄弟打巨怪,68d0ed4f23721398b4b9582f,iOS,iPhone,13,239.13
2026-01-04,TW,蔚藍星球：國王很忙 - 叫上兄弟打巨怪,68d0ed4f23721398b4b9582f,Android,Android,243,7215.28
2026-01-04,TW,蔚藍星球：國王很忙 - 叫上兄弟打巨怪,68d0ed4f23721398b4b9582f,iOS,iPad,68,584.54
2026-01-04,TW,蔚藍星球：國王很忙 - 叫上兄弟打巨怪,68d0ed4f23721398b4b9582f,iOS,iPhone,719,41009.9
2026-01-05,HK,蔚藍星球：國王很忙 - 叫上兄弟打巨怪,68d0ed4f23721398b4b9582f,Android,Android,33,2423.4
2026-01-05,HK,蔚藍星球：國王很忙 - 叫上兄弟打巨怪,68d0ed4f23721398b4b9582f,iOS,iPad,10,19.62
2026-01-05,HK,蔚藍星球：國王很忙 - 叫上兄弟打巨怪,68d0ed4f23721398b4b9582f,iOS,iPhone,179,9643.55
2026-01-05,MO,蔚藍星球：國王很忙 - 叫上兄弟打巨怪,68d0ed4f23721398b4b9582f,Android,Android,0,33.16
2026-01-05,MO,蔚藍星球：國王很忙 - 叫上兄弟打巨怪,68d0ed4f23721398b4b9582f,iOS,iPad,0,50.9
2026-01-05,MO,蔚藍星球：國王很忙 - 叫上兄弟打巨怪,68d0ed4f23721398b4b9582f,iOS,iPhone,4,307.51
2026-01-05,TW,蔚藍星球：國王很忙 - 叫上兄弟打巨怪,68d0ed4f23721398b4b9582f,Android,Android,175,9567.67
2026-01-05,TW,蔚藍星球：國王很忙 - 叫上兄弟打巨怪,68d0ed4f23721398b4b9582f,iOS,iPad,34,396.49
2026-01-05,TW,蔚藍星球：國王很忙 - 叫上兄弟打巨怪,68d0ed4f23721398b4b9582f,iOS,iPhone,466,41736.18
2026-01-06,HK,蔚藍星球：國王很忙 - 叫上兄弟打巨怪,68d0ed4f23721398b4b9582f,Android,Android,58,2192.62
2026-01-06,HK,蔚藍星球：國王很忙 - 叫上兄弟打巨怪,68d0ed4f23721398b4b9582f,iOS,iPad,10,26.6
2026-01-06,HK,蔚藍星球：國王很忙 - 叫上兄弟打巨怪,68d0ed4f23721398b4b9582f,iOS,iPhone,183,5965.23
2026-01-06,MO,蔚藍星球：國王很忙 - 叫上兄弟打巨怪,68d0ed4f23721398b4b9582f,Android,Android,6,28.57
2026-01-06,MO,蔚藍星球：國王很忙 - 叫上兄弟打巨怪,68d0ed4f23721398b4b9582f,iOS,iPad,0,49.5
2026-01-06,MO,蔚藍星球：國王很忙 - 叫上兄弟打巨怪,68d0ed4f23721398b4b9582f,iOS,iPhone,4,173.45
2026-01-06,TW,蔚藍星球：國王很忙 - 叫上兄弟打巨怪,68d0ed4f23721398b4b9582f,Android,Android,300,5313.49
2026-01-06,TW,蔚藍星球：國王很忙 - 叫上兄弟打巨怪,68d0ed4f23721398b4b9582f,iOS,iPad,31,562.05
2026-01-06,TW,蔚藍星球：國王很忙 - 叫上兄弟打巨怪,68d0ed4f23721398b4b9582f,iOS,iPhone,425,32549.74
2026-01-07,HK,蔚藍星球：國王很忙 - 叫上兄弟打巨怪,68d0ed4f23721398b4b9582f,Android,Android,60,2114.5
2026-01-07,HK,蔚藍星球：國王很忙 - 叫上兄弟打巨怪,68d0ed4f23721398b4b9582f,iOS,iPad,12,35.27
2026-01-07,HK,蔚藍星球：國王很忙 - 叫上兄弟打巨怪,68d0ed4f23721398b4b9582f,iOS,iPhone,140,7895.07
2026-01-07,MO,蔚藍星球：國王很忙 - 叫上兄弟打巨怪,68d0ed4f23721398b4b9582f,Android,Android,5,31.92
2026-01-07,MO,蔚藍星球：國王很忙 - 叫上兄弟打巨怪,68d0ed4f23721398b4b9582f,iOS,iPad,0,49.53
2026-01-07,MO,蔚藍星球：國王很忙 - 叫上兄弟打巨怪,68d0ed4f23721398b4b9582f,iOS,iPhone,13,213.81
2026-01-07,TW,蔚藍星球：國王很忙 - 叫上兄弟打巨怪,68d0ed4f23721398b4b9582f,Android,Android,165,6291.7
2026-01-07,TW,蔚藍星球：國王很忙 - 叫上兄弟打巨怪,68d0ed4f23721398b4b9582f,iOS,iPad,35,515.97
2026-01-07,TW,蔚藍星球：國王很忙 - 叫上兄弟打巨怪,68d0ed4f23721398b4b9582f,iOS,iPhone,437,41882.18
2026-01-08,HK,蔚藍星球：國王很忙 - 叫上兄弟打巨怪,68d0ed4f23721398b4b9582f,Android,Android,76,3743.98
2026-01-08,HK,蔚藍星球：國王很忙 - 叫上兄弟打巨怪,68d0ed4f23721398b4b9582f,iOS,iPad,9,52.39
2026-01-08,HK,蔚藍星球：國王很忙 - 叫上兄弟打巨怪,68d0ed4f23721398b4b9582f,iOS,iPhone,127,5415.05
2026-01-08,MO,蔚藍星球：國王很忙 - 叫上兄弟打巨怪,68d0ed4f23721398b4b9582f,Android,Android,5,31.52
2026-01-08,MO,蔚藍星球：國王很忙 - 叫上兄弟打巨怪,68d0ed4f23721398b4b9582f,iOS,iPad,0,29.38
2026-01-08,MO,蔚藍星球：國王很忙 - 叫上兄弟打巨怪,68d0ed4f23721398b4b9582f,iOS,iPhone,18,169.66
2026-01-08,TW,蔚藍星球：國王很忙 - 叫上兄弟打巨怪,68d0ed4f23721398b4b9582f,Android,Android,178,7771.15
2026-01-08,TW,蔚藍星球：國王很忙 - 叫上兄弟打巨怪,68d0ed4f23721398b4b9582f,iOS,iPad,35,571.45
2026-01-08,TW,蔚藍星球：國王很忙 - 叫上兄弟打巨怪,68d0ed4f23721398b4b9582f,iOS,iPhone,413,27644.59
2026-01-09,HK,蔚藍星球：國王很忙 - 叫上兄弟打巨怪,68d0ed4f23721398b4b9582f,Android,Android,74,2728.9
2026-01-09,HK,蔚藍星球：國王很忙 - 叫上兄弟打巨怪,68d0ed4f23721398b4b9582f,iOS,iPad,12,113.16
2026-01-09,HK,蔚藍星球：國王很忙 - 叫上兄弟打巨怪,68d0ed4f23721398b4b9582f,iOS,iPhone,73,13197.33
2026-01-09,MO,蔚藍星球：國王很忙 - 叫上兄弟打巨怪,68d0ed4f23721398b4b9582f,Android,Android,8,30.07
2026-01-09,MO,蔚藍星球：國王很忙 - 叫上兄弟打巨怪,68d0ed4f23721398b4b9582f,iOS,iPad,0,22.22
2026-01-09,MO,蔚藍星球：國王很忙 - 叫上兄弟打巨怪,68d0ed4f23721398b4b9582f,iOS,iPhone,1,306.11
2026-01-09,TW,蔚藍星球：國王很忙 - 叫上兄弟打巨怪,68d0ed4f23721398b4b9582f,Android,Android,255,7853.09
2026-01-09,TW,蔚藍星球：國王很忙 - 叫上兄弟打巨怪,68d0ed4f23721398b4b9582f,iOS,iPad,34,540.97
2026-01-09,TW,蔚藍星球：國王很忙 - 叫上兄弟打巨怪,68d0ed4f23721398b4b9582f,iOS,iPhone,475,41621.62
2026-01-10,HK,蔚藍星球：國王很忙 - 叫上兄弟打巨怪,68d0ed4f23721398b4b9582f,Android,Android,75,2579.74
2026-01-10,HK,蔚藍星球：國王很忙 - 叫上兄弟打巨怪,68d0ed4f23721398b4b9582f,iOS,iPad,13,32.83
2026-01-10,HK,蔚藍星球：國王很忙 - 叫上兄弟打巨怪,68d0ed4f23721398b4b9582f,iOS,iPhone,100,11940.34
2026-01-10,MO,蔚藍星球：國王很忙 - 叫上兄弟打巨怪,68d0ed4f23721398b4b9582f,Android,Android,8,27.48
2026-01-10,MO,蔚藍星球：國王很忙 - 叫上兄弟打巨怪,68d0ed4f23721398b4b9582f,iOS,iPad,0,18.82
2026-01-10,MO,蔚藍星球：國王很忙 - 叫上兄弟打巨怪,68d0ed4f23721398b4b9582f,iOS,iPhone,1,275.32
2026-01-10,TW,蔚藍星球：國王很忙 - 叫上兄弟打巨怪,68d0ed4f23721398b4b9582f,Android,Android,291,6762.99
2026-01-10,TW,蔚藍星球：國王很忙 - 叫上兄弟打巨怪,68d0ed4f23721398b4b9582f,iOS,iPad,76,596.87
2026-01-10,TW,蔚藍星球：國王很忙 - 叫上兄弟打巨怪,68d0ed4f23721398b4b9582f,iOS,iPhone,589,37759.59
2026-01-11,HK,蔚藍星球：國王很忙 - 叫上兄弟打巨怪,68d0ed4f23721398b4b9582f,Android,Android,144,2349.26
2026-01-11,HK,蔚藍星球：國王很忙 - 叫上兄弟打巨怪,68d0ed4f23721398b4b9582f,iOS,iPad,13,34.59
2026-01-11,HK,蔚藍星球：國王很忙 - 叫上兄弟打巨怪,68d0ed4f23721398b4b9582f,iOS,iPhone,144,9822.47
2026-01-11,MO,蔚藍星球：國王很忙 - 叫上兄弟打巨怪,68d0ed4f23721398b4b9582f,Android,Android,8,27.45
2026-01-11,MO,蔚藍星球：國王很忙 - 叫上兄弟打巨怪,68d0ed4f23721398b4b9582f,iOS,iPad,0,14.3
2026-01-11,MO,蔚藍星球：國王很忙 - 叫上兄弟打巨怪,68d0ed4f23721398b4b9582f,iOS,iPhone,2,624.66
2026-01-11,TW,蔚藍星球：國王很忙 - 叫上兄弟打巨怪,68d0ed4f23721398b4b9582f,Android,Android,215,6283.74
2026-01-11,TW,蔚藍星球：國王很忙 - 叫上兄弟打巨怪,68d0ed4f23721398b4b9582f,iOS,iPad,110,673.33
2026-01-11,TW,蔚藍星球：國王很忙 - 叫上兄弟打巨怪,68d0ed4f23721398b4b9582f,iOS,iPhone,578,36587.5
2026-01-12,HK,蔚藍星球：國王很忙 - 叫上兄弟打巨怪,68d0ed4f23721398b4b9582f,Android,Android,91,2270.1
2026-01-12,HK,蔚藍星球：國王很忙 - 叫上兄弟打巨怪,68d0ed4f23721398b4b9582f,iOS,iPad,5,41.46
2026-01-12,HK,蔚藍星球：國王很忙 - 叫上兄弟打巨怪,68d0ed4f23721398b4b9582f,iOS,iPhone,104,7233.12
2026-01-12,MO,蔚藍星球：國王很忙 - 叫上兄弟打巨怪,68d0ed4f23721398b4b9582f,Android,Android,7,36.49
2026-01-12,MO,蔚藍星球：國王很忙 - 叫上兄弟打巨怪,68d0ed4f23721398b4b9582f,iOS,iPad,0,11.3
2026-01-12,MO,蔚藍星球：國王很忙 - 叫上兄弟打巨怪,68d0ed4f23721398b4b9582f,iOS,iPhone,0,370.65
2026-01-12,TW,蔚藍星球：國王很忙 - 叫上兄弟打巨怪,68d0ed4f23721398b4b9582f,Android,Android,220,6187.42
2026-01-12,TW,蔚藍星球：國王很忙 - 叫上兄弟打巨怪,68d0ed4f23721398b4b9582f,iOS,iPad,49,447.41
2026-01-12,TW,蔚藍星球：國王很忙 - 叫上兄弟打巨怪,68d0ed4f23721398b4b9582f,iOS,iPhone,493,30909.91
2026-01-13,HK,蔚藍星球：國王很忙 - 叫上兄弟打巨怪,68d0ed4f23721398b4b9582f,Android,Android,84,2116.49
2026-01-13,HK,蔚藍星球：國王很忙 - 叫上兄弟打巨怪,68d0ed4f23721398b4b9582f,iOS,iPad,4,63.31
2026-01-13,HK,蔚藍星球：國王很忙 - 叫上兄弟打巨怪,68d0ed4f23721398b4b9582f,iOS,iPhone,95,6648.56
2026-01-13,MO,蔚藍星球：國王很忙 - 叫上兄弟打巨怪,68d0ed4f23721398b4b9582f,Android,Android,5,38.0
2026-01-13,MO,蔚藍星球：國王很忙 - 叫上兄弟打巨怪,68d0ed4f23721398b4b9582f,iOS,iPad,0,8.36
2026-01-13,MO,蔚藍星球：國王很忙 - 叫上兄弟打巨怪,68d0ed4f23721398b4b9582f,iOS,iPhone,6,207.3
2026-01-13,TW,蔚藍星球：國王很忙 - 叫上兄弟打巨怪,68d0ed4f23721398b4b9582f,Android,Android,220,5911.66
2026-01-13,TW,蔚藍星球：國王很忙 - 叫上兄弟打巨怪,68d0ed4f23721398b4b9582f,iOS,iPad,36,570.45
2026-01-13,TW,蔚藍星球：國王很忙 - 叫上兄弟打巨怪,68d0ed4f23721398b4b9582f,iOS,iPhone,472,26923.94
2026-01-14,HK,蔚藍星球：國王很忙 - 叫上兄弟打巨怪,68d0ed4f23721398b4b9582f,Android,Android,55,2059.62
2026-01-14,HK,蔚藍星球：國王很忙 - 叫上兄弟打巨怪,68d0ed4f23721398b4b9582f,iOS,iPad,8,54.5
2026-01-14,HK,蔚藍星球：國王很忙 - 叫上兄弟打巨怪,68d0ed4f23721398b4b9582f,iOS,iPhone,87,8073.02
2026-01-14,MO,蔚藍星球：國王很忙 - 叫上兄弟打巨怪,68d0ed4f23721398b4b9582f,Android,Android,6,49.68
2026-01-14,MO,蔚藍星球：國王很忙 - 叫上兄弟打巨怪,68d0ed4f23721398b4b9582f,iOS,iPad,0,4.45
2026-01-14,MO,蔚藍星球：國王很忙 - 叫上兄弟打巨怪,68d0ed4f23721398b4b9582f,iOS,iPhone,6,148.06
2026-01-14,TW,蔚藍星球：國王很忙 - 叫上兄弟打巨怪,68d0ed4f23721398b4b9582f,Android,Android,224,7743.03
2026-01-14,TW,蔚藍星球：國王很忙 - 叫上兄弟打巨怪,68d0ed4f23721398b4b9582f,iOS,iPad,40,520.38
2026-01-14,TW,蔚藍星球：國王很忙 - 叫上兄弟打巨怪,68d0ed4f23721398b4b9582f,iOS,iPhone,449,38537.09
2026-01-15,HK,蔚藍星球：國王很忙 - 叫上兄弟打巨怪,68d0ed4f23721398b4b9582f,Android,Android,54,2629.56
2026-01-15,HK,蔚藍星球：國王很忙 - 叫上兄弟打巨怪,68d0ed4f23721398b4b9582f,iOS,iPad,8,41.38
2026-01-15,HK,蔚藍星球：國王很忙 - 叫上兄弟打巨怪,68d0ed4f23721398b4b9582f,iOS,iPhone,99,6487.4
2026-01-15,MO,蔚藍星球：國王很忙 - 叫上兄弟打巨怪,68d0ed4f23721398b4b9582f,Android,Android,5,53.43
2026-01-15,MO,蔚藍星球：國王很忙 - 叫上兄弟打巨怪,68d0ed4f23721398b4b9582f,iOS,iPad,0,18.67
2026-01-15,MO,蔚藍星球：國王很忙 - 叫上兄弟打巨怪,68d0ed4f23721398b4b9582f,iOS,iPhone,13,122.98
2026-01-15,TW,蔚藍星球：國王很忙 - 叫上兄弟打巨怪,68d0ed4f23721398b4b9582f,Android,Android,221,8004.55
2026-01-15,TW,蔚藍星球：國王很忙 - 叫上兄弟打巨怪,68d0ed4f23721398b4b9582f,iOS,iPad,44,535.04
2026-01-15,TW,蔚藍星球：國王很忙 - 叫上兄弟打巨怪,68d0ed4f23721398b4b9582f,iOS,iPhone,448,22337.73
2026-01-16,HK,蔚藍星球：國王很忙 - 叫上兄弟打巨怪,68d0ed4f23721398b4b9582f,Android,Android,56,2551.55
2026-01-16,HK,蔚藍星球：國王很忙 - 叫上兄弟打巨怪,68d0ed4f23721398b4b9582f,iOS,iPad,11,31.46
2026-01-16,HK,蔚藍星球：國王很忙 - 叫上兄弟打巨怪,68d0ed4f23721398b4b9582f,iOS,iPhone,88,7142.11
2026-01-16,MO,蔚藍星球：國王很忙 - 叫上兄弟打巨怪,68d0ed4f23721398b4b9582f,Android,Android,6,48.27
2026-01-16,MO,蔚藍星球：國王很忙 - 叫上兄弟打巨怪,68d0ed4f23721398b4b9582f,iOS,iPad,0,26.75
2026-01-16,MO,蔚藍星球：國王很忙 - 叫上兄弟打巨怪,68d0ed4f23721398b4b9582f,iOS,iPhone,11,269.5
2026-01-16,TW,蔚藍星球：國王很忙 - 叫上兄弟打巨怪,68d0ed4f23721398b4b9582f,Android,Android,280,6837.96
2026-01-16,TW,蔚藍星球：國王很忙 - 叫上兄弟打巨怪,68d0ed4f23721398b4b9582f,iOS,iPad,55,643.12
2026-01-16,TW,蔚藍星球：國王很忙 - 叫上兄弟打巨怪,68d0ed4f23721398b4b9582f,iOS,iPhone,444,31250.82
2026-01-17,HK,蔚藍星球：國王很忙 - 叫上兄弟打巨怪,68d0ed4f23721398b4b9582f,Android,Android,55,2427.73
2026-01-17,HK,蔚藍星球：國王很忙 - 叫上兄弟打巨怪,68d0ed4f23721398b4b9582f,iOS,iPad,13,58.3
2026-01-17,HK,蔚藍星球：國王很忙 - 叫上兄弟打巨怪,68d0ed4f23721398b4b9582f,iOS,iPhone,124,8923.85
2026-01-17,MO,蔚藍星球：國王很忙 - 叫上兄弟打巨怪,68d0ed4f23721398b4b9582f,Android,Android,6,50.31
2026-01-17,MO,蔚藍星球：國王很忙 - 叫上兄弟打巨怪,68d0ed4f23721398b4b9582f,iOS,iPad,0,22.67
2026-01-17,MO,蔚藍星球：國王很忙 - 叫上兄弟打巨怪,68d0ed4f23721398b4b9582f,iOS,iPhone,3,232.76
2026-01-17,TW,蔚藍星球：國王很忙 - 叫上兄弟打巨怪,68d0ed4f23721398b4b9582f,Android,Android,286,6861.66
2026-01-17,TW,蔚藍星球：國王很忙 - 叫上兄弟打巨怪,68d0ed4f23721398b4b9582f,iOS,iPad,90,640.5
2026-01-17,TW,蔚藍星球：國王很忙 - 叫上兄弟打巨怪,68d0ed4f23721398b4b9582f,iOS,iPhone,581,39499.91
2026-01-18,HK,蔚藍星球：國王很忙 - 叫上兄弟打巨怪,68d0ed4f23721398b4b9582f,Android,Android,44,2077.4
2026-01-18,HK,蔚藍星球：國王很忙 - 叫上兄弟打巨怪,68d0ed4f23721398b4b9582f,iOS,iPad,12,56.65
2026-01-18,HK,蔚藍星球：國王很忙 - 叫上兄弟打巨怪,68d0ed4f23721398b4b9582f,iOS,iPhone,117,8058.97
2026-01-18,MO,蔚藍星球：國王很忙 - 叫上兄弟打巨怪,68d0ed4f23721398b4b9582f,Android,Android,3,15.13
2026-01-18,MO,蔚藍星球：國王很忙 - 叫上兄弟打巨怪,68d0ed4f23721398b4b9582f,iOS,iPad,0,13.66
2026-01-18,MO,蔚藍星球：國王很忙 - 叫上兄弟打巨怪,68d0ed4f23721398b4b9582f,iOS,iPhone,0,161.02
2026-01-18,TW,蔚藍星球：國王很忙 - 叫上兄弟打巨怪,68d0ed4f23721398b4b9582f,Android,Android,179,5827.25
2026-01-18,TW,蔚藍星球：國王很忙 - 叫上兄弟打巨怪,68d0ed4f23721398b4b9582f,iOS,iPad,55,426.96
2026-01-18,TW,蔚藍星球：國王很忙 - 叫上兄弟打巨怪,68d0ed4f23721398b4b9582f,iOS,iPhone,611,34398.19
2026-01-19,HK,蔚藍星球：國王很忙 - 叫上兄弟打巨怪,68d0ed4f23721398b4b9582f,Android,Android,44,1931.03
2026-01-19,HK,蔚藍星球：國王很忙 - 叫上兄弟打巨怪,68d0ed4f23721398b4b9582f,iOS,iPad,9,45.81
2026-01-19,HK,蔚藍星球：國王很忙 - 叫上兄弟打巨怪,68d0ed4f23721398b4b9582f,iOS,iPhone,144,7670.57
2026-01-19,MO,蔚藍星球：國王很忙 - 叫上兄弟打巨怪,68d0ed4f23721398b4b9582f,Android,Android,4,12.61
2026-01-19,MO,蔚藍星球：國王很忙 - 叫上兄弟打巨怪,68d0ed4f23721398b4b9582f,iOS,iPad,0,14.08
2026-01-19,MO,蔚藍星球：國王很忙 - 叫上兄弟打巨怪,68d0ed4f23721398b4b9582f,iOS,iPhone,0,212.03
2026-01-19,TW,蔚藍星球：國王很忙 - 叫上兄弟打巨怪,68d0ed4f23721398b4b9582f,Android,Android,166,5536.17
2026-01-19,TW,蔚藍星球：國王很忙 - 叫上兄弟打巨怪,68d0ed4f23721398b4b9582f,iOS,iPad,29,351.75
2026-01-19,TW,蔚藍星球：國王很忙 - 叫上兄弟打巨怪,68d0ed4f23721398b4b9582f,iOS,iPhone,513,28293.68
2026-01-20,HK,蔚藍星球：國王很忙 - 叫上兄弟打巨怪,68d0ed4f23721398b4b9582f,Android,Android,39,1833.47
2026-01-20,HK,蔚藍星球：國王很忙 - 叫上兄弟打巨怪,68d0ed4f23721398b4b9582f,iOS,iPad,8,27.93
2026-01-20,HK,蔚藍星球：國王很忙 - 叫上兄弟打巨怪,68d0ed4f23721398b4b9582f,iOS,iPhone,132,8542.6
2026-01-20,MO,蔚藍星球：國王很忙 - 叫上兄弟打巨怪,68d0ed4f23721398b4b9582f,Android,Android,3,12.63
2026-01-20,MO,蔚藍星球：國王很忙 - 叫上兄弟打巨怪,68d0ed4f23721398b4b9582f,iOS,iPad,0,24.39
2026-01-20,MO,蔚藍星球：國王很忙 - 叫上兄弟打巨怪,68d0ed4f23721398b4b9582f,iOS,iPhone,18,226.01
2026-01-20,TW,蔚藍星球：國王很忙 - 叫上兄弟打巨怪,68d0ed4f23721398b4b9582f,Android,Android,156,5229.05
2026-01-20,TW,蔚藍星球：國王很忙 - 叫上兄弟打巨怪,68d0ed4f23721398b4b9582f,iOS,iPad,29,411.87
2026-01-20,TW,蔚藍星球：國王很忙 - 叫上兄弟打巨怪,68d0ed4f23721398b4b9582f,iOS,iPhone,423,36013.58
2026-01-21,HK,蔚藍星球：國王很忙 - 叫上兄弟打巨怪,68d0ed4f23721398b4b9582f,Android,Android,39,1767.86
2026-01-21,HK,蔚藍星球：國王很忙 - 叫上兄弟打巨怪,68d0ed4f23721398b4b9582f,iOS,iPad,7,44.66
2026-01-21,HK,蔚藍星球：國王很忙 - 叫上兄弟打巨怪,68d0ed4f23721398b4b9582f,iOS,iPhone,146,10815.97
2026-01-21,MO,蔚藍星球：國王很忙 - 叫上兄弟打巨怪,68d0ed4f23721398b4b9582f,Android,Android,4,13.6
2026-01-21,MO,蔚藍星球：國王很忙 - 叫上兄弟打巨怪,68d0ed4f23721398b4b9582f,iOS,iPad,0,13.76
2026-01-21,MO,蔚藍星球：國王很忙 - 叫上兄弟打巨怪,68d0ed4f23721398b4b9582f,iOS,iPhone,6,193.04
2026-01-21,TW,蔚藍星球：國王很忙 - 叫上兄弟打巨怪,68d0ed4f23721398b4b9582f,Android,Android,162,7376.79
2026-01-21,TW,蔚藍星球：國王很忙 - 叫上兄弟打巨怪,68d0ed4f23721398b4b9582f,iOS,iPad,24,538.03
2026-01-21,TW,蔚藍星球：國王很忙 - 叫上兄弟打巨怪,68d0ed4f23721398b4b9582f,iOS,iPhone,429,33465.53
2026-01-22,HK,永远的蔚蓝星球-合成快攻 对战轻松,669df1f882bbdbdf9ca2565b,Android,Android,82,1890.4
2026-01-22,HK,永远的蔚蓝星球-合成快攻 对战轻松,669df1f882bbdbdf9ca2565b,iOS,iPad,6,62.32
2026-01-22,HK,永远的蔚蓝星球-合成快攻 对战轻松,669df1f882bbdbdf9ca2565b,iOS,iPhone,156,7409.1
2026-01-22,MO,永远的蔚蓝星球-合成快攻 对战轻松,669df1f882bbdbdf9ca2565b,Android,Android,5,16.55
2026-01-22,MO,永远的蔚蓝星球-合成快攻 对战轻松,669df1f882bbdbdf9ca2565b,iOS,iPad,0,20.49
2026-01-22,MO,永远的蔚蓝星球-合成快攻 对战轻松,669df1f882bbdbdf9ca2565b,iOS,iPhone,16,239.93
2026-01-22,TW,永远的蔚蓝星球-合成快攻 对战轻松,669df1f882bbdbdf9ca2565b,Android,Android,406,5367.68
2026-01-22,TW,永远的蔚蓝星球-合成快攻 对战轻松,669df1f882bbdbdf9ca2565b,iOS,iPad,28,628.82
2026-01-22,TW,永远的蔚蓝星球-合成快攻 对战轻松,669df1f882bbdbdf9ca2565b,iOS,iPhone,502,25798.54
2026-01-23,HK,永远的蔚蓝星球-合成快攻 对战轻松,669df1f882bbdbdf9ca2565b,Android,Android,108,2264.43
2026-01-23,HK,永远的蔚蓝星球-合成快攻 对战轻松,669df1f882bbdbdf9ca2565b,iOS,iPad,7,73.56
2026-01-23,HK,永远的蔚蓝星球-合成快攻 对战轻松,669df1f882bbdbdf9ca2565b,iOS,iPhone,136,4709.19
2026-01-23,MO,永远的蔚蓝星球-合成快攻 对战轻松,669df1f882bbdbdf9ca2565b,Android,Android,6,19.36
2026-01-23,MO,永远的蔚蓝星球-合成快攻 对战轻松,669df1f882bbdbdf9ca2565b,iOS,iPad,0,31.54
2026-01-23,MO,永远的蔚蓝星球-合成快攻 对战轻松,669df1f882bbdbdf9ca2565b,iOS,iPhone,9,315.89
2026-01-23,TW,永远的蔚蓝星球-合成快攻 对战轻松,669df1f882bbdbdf9ca2565b,Android,Android,554,5164.83
2026-01-23,TW,永远的蔚蓝星球-合成快攻 对战轻松,669df1f882bbdbdf9ca2565b,iOS,iPad,36,827.7
2026-01-23,TW,永远的蔚蓝星球-合成快攻 对战轻松,669df1f882bbdbdf9ca2565b,iOS,iPhone,444,22281.88
2026-01-24,HK,永远的蔚蓝星球-合成快攻 对战轻松,669df1f882bbdbdf9ca2565b,Android,Android,128,1829.62
2026-01-24,HK,永远的蔚蓝星球-合成快攻 对战轻松,669df1f882bbdbdf9ca2565b,iOS,iPad,10,63.31
2026-01-24,HK,永远的蔚蓝星球-合成快攻 对战轻松,669df1f882bbdbdf9ca2565b,iOS,iPhone,166,7147.32
2026-01-24,MO,永远的蔚蓝星球-合成快攻 对战轻松,669df1f882bbdbdf9ca2565b,Android,Android,6,22.06
2026-01-24,MO,永远的蔚蓝星球-合成快攻 对战轻松,669df1f882bbdbdf9ca2565b,iOS,iPad,0,34.8
2026-01-24,MO,永远的蔚蓝星球-合成快攻 对战轻松,669df1f882bbdbdf9ca2565b,iOS,iPhone,2,230.18
2026-01-24,TW,永远的蔚蓝星球-合成快攻 对战轻松,669df1f882bbdbdf9ca2565b,Android,Android,597,4859.65
2026-01-24,TW,永远的蔚蓝星球-合成快攻 对战轻松,669df1f882bbdbdf9ca2565b,iOS,iPad,52,669.85
2026-01-24,TW,永远的蔚蓝星球-合成快攻 对战轻松,669df1f882bbdbdf9ca2565b,iOS,iPhone,476,28108.16
2026-01-25,HK,永远的蔚蓝星球-合成快攻 对战轻松,669df1f882bbdbdf9ca2565b,Android,Android,111,1830.77
2026-01-25,HK,永远的蔚蓝星球-合成快攻 对战轻松,669df1f882bbdbdf9ca2565b,iOS,iPad,7,104.51
2026-01-25,HK,永远的蔚蓝星球-合成快攻 对战轻松,669df1f882bbdbdf9ca2565b,iOS,iPhone,115,4069.71
2026-01-25,MO,永远的蔚蓝星球-合成快攻 对战轻松,669df1f882bbdbdf9ca2565b,Android,Android,5,22.92
2026-01-25,MO,永远的蔚蓝星球-合成快攻 对战轻松,669df1f882bbdbdf9ca2565b,iOS,iPad,2,14.34
2026-01-25,MO,永远的蔚蓝星球-合成快攻 对战轻松,669df1f882bbdbdf9ca2565b,iOS,iPhone,3,232.42
2026-01-25,TW,永远的蔚蓝星球-合成快攻 对战轻松,669df1f882bbdbdf9ca2565b,Android,Android,539,4806.57
2026-01-25,TW,永远的蔚蓝星球-合成快攻 对战轻松,669df1f882bbdbdf9ca2565b,iOS,iPad,46,535.45
2026-01-25,TW,永远的蔚蓝星球-合成快攻 对战轻松,669df1f882bbdbdf9ca2565b,iOS,iPhone,498,27121.2
2026-01-26,HK,永远的蔚蓝星球-合成快攻 对战轻松,669df1f882bbdbdf9ca2565b,Android,Android,103,2055.71
2026-01-26,HK,永远的蔚蓝星球-合成快攻 对战轻松,669df1f882bbdbdf9ca2565b,iOS,iPad,5,78.56
2026-01-26,HK,永远的蔚蓝星球-合成快攻 对战轻松,669df1f882bbdbdf9ca2565b,iOS,iPhone,115,6514.65
2026-01-26,MO,永远的蔚蓝星球-合成快攻 对战轻松,669df1f882bbdbdf9ca2565b,Android,Android,5,20.07
2026-01-26,MO,永远的蔚蓝星球-合成快攻 对战轻松,669df1f882bbdbdf9ca2565b,iOS,iPad,2,11.15
2026-01-26,MO,永远的蔚蓝星球-合成快攻 对战轻松,669df1f882bbdbdf9ca2565b,iOS,iPhone,0,234.65
2026-01-26,TW,永远的蔚蓝星球-合成快攻 对战轻松,669df1f882bbdbdf9ca2565b,Android,Android,511,5054.86
2026-01-26,TW,永远的蔚蓝星球-合成快攻 对战轻松,669df1f882bbdbdf9ca2565b,iOS,iPad,42,612.81
2026-01-26,TW,永远的蔚蓝星球-合成快攻 对战轻松,669df1f882bbdbdf9ca2565b,iOS,iPhone,437,22308.94
2026-01-27,HK,永远的蔚蓝星球-合成快攻 对战轻松,669df1f882bbdbdf9ca2565b,Android,Android,123,2115.3
2026-01-27,HK,永远的蔚蓝星球-合成快攻 对战轻松,669df1f882bbdbdf9ca2565b,iOS,iPad,4,129.08
2026-01-27,HK,永远的蔚蓝星球-合成快攻 对战轻松,669df1f882bbdbdf9ca2565b,iOS,iPhone,101,4558.92
2026-01-27,MO,永远的蔚蓝星球-合成快攻 对战轻松,669df1f882bbdbdf9ca2565b,Android,Android,4,24.79
2026-01-27,MO,永远的蔚蓝星球-合成快攻 对战轻松,669df1f882bbdbdf9ca2565b,iOS,iPad,2,15.43
2026-01-27,MO,永远的蔚蓝星球-合成快攻 对战轻松,669df1f882bbdbdf9ca2565b,iOS,iPhone,0,171.23
2026-01-27,TW,永远的蔚蓝星球-合成快攻 对战轻松,669df1f882bbdbdf9ca2565b,Android,Android,470,4869.25
2026-01-27,TW,永远的蔚蓝星球-合成快攻 对战轻松,669df1f882bbdbdf9ca2565b,iOS,iPad,41,782.14
2026-01-27,TW,永远的蔚蓝星球-合成快攻 对战轻松,669df1f882bbdbdf9ca2565b,iOS,iPhone,467,26297.38
2026-01-28,HK,永远的蔚蓝星球-合成快攻 对战轻松,669df1f882bbdbdf9ca2565b,Android,Android,116,1815.74
2026-01-28,HK,永远的蔚蓝星球-合成快攻 对战轻松,669df1f882bbdbdf9ca2565b,iOS,iPad,5,213.94
2026-01-28,HK,永远的蔚蓝星球-合成快攻 对战轻松,669df1f882bbdbdf9ca2565b,iOS,iPhone,109,5459.8
2026-01-28,MO,永远的蔚蓝星球-合成快攻 对战轻松,669df1f882bbdbdf9ca2565b,Android,Android,4,27.11
2026-01-28,MO,永远的蔚蓝星球-合成快攻 对战轻松,669df1f882bbdbdf9ca2565b,iOS,iPad,0,14.49
2026-01-28,MO,永远的蔚蓝星球-合成快攻 对战轻松,669df1f882bbdbdf9ca2565b,iOS,iPhone,0,183.54
2026-01-28,TW,永远的蔚蓝星球-合成快攻 对战轻松,669df1f882bbdbdf9ca2565b,Android,Android,491,4752.96
2026-01-28,TW,永远的蔚蓝星球-合成快攻 对战轻松,669df1f882bbdbdf9ca2565b,iOS,iPad,37,524.31
2026-01-28,TW,永远的蔚蓝星球-合成快攻 对战轻松,669df1f882bbdbdf9ca2565b,iOS,iPhone,436,27537.58
2026-01-29,HK,永远的蔚蓝星球-合成快攻 对战轻松,669df1f882bbdbdf9ca2565b,Android,Android,120,1868.82
2026-01-29,HK,永远的蔚蓝星球-合成快攻 对战轻松,669df1f882bbdbdf9ca2565b,iOS,iPad,7,217.03
2026-01-29,HK,永远的蔚蓝星球-合成快攻 对战轻松,669df1f882bbdbdf9ca2565b,iOS,iPhone,71,6185.59
2026-01-29,MO,永远的蔚蓝星球-合成快攻 对战轻松,669df1f882bbdbdf9ca2565b,Android,Android,5,28.26
2026-01-29,MO,永远的蔚蓝星球-合成快攻 对战轻松,669df1f882bbdbdf9ca2565b,iOS,iPad,0,14.38
2026-01-29,MO,永远的蔚蓝星球-合成快攻 对战轻松,669df1f882bbdbdf9ca2565b,iOS,iPhone,0,202.86
2026-01-29,TW,永远的蔚蓝星球-合成快攻 对战轻松,669df1f882bbdbdf9ca2565b,Android,Android,495,5870.66
2026-01-29,TW,永远的蔚蓝星球-合成快攻 对战轻松,669df1f882bbdbdf9ca2565b,iOS,iPad,25,470.36
2026-01-29,TW,永远的蔚蓝星球-合成快攻 对战轻松,669df1f882bbdbdf9ca2565b,iOS,iPhone,459,20943.7
2026-01-30,HK,永远的蔚蓝星球-合成快攻 对战轻松,669df1f882bbdbdf9ca2565b,Android,Android,130,2322.03
2026-01-30,HK,永远的蔚蓝星球-合成快攻 对战轻松,669df1f882bbdbdf9ca2565b,iOS,iPad,15,142.8
2026-01-30,HK,永远的蔚蓝星球-合成快攻 对战轻松,669df1f882bbdbdf9ca2565b,iOS,iPhone,116,8396.52
2026-01-30,MO,永远的蔚蓝星球-合成快攻 对战轻松,669df1f882bbdbdf9ca2565b,Android,Android,6,32.06
2026-01-30,MO,永远的蔚蓝星球-合成快攻 对战轻松,669df1f882bbdbdf9ca2565b,iOS,iPad,0,28.3
2026-01-30,MO,永远的蔚蓝星球-合成快攻 对战轻松,669df1f882bbdbdf9ca2565b,iOS,iPhone,2,243.65
2026-01-30,TW,永远的蔚蓝星球-合成快攻 对战轻松,669df1f882bbdbdf9ca2565b,Android,Android,601,5998.57
2026-01-30,TW,永远的蔚蓝星球-合成快攻 对战轻松,669df1f882bbdbdf9ca2565b,iOS,iPad,25,470.69
2026-01-30,TW,永远的蔚蓝星球-合成快攻 对战轻松,669df1f882bbdbdf9ca2565b,iOS,iPhone,528,21828.67
2026-01-31,HK,永远的蔚蓝星球-合成快攻 对战轻松,669df1f882bbdbdf9ca2565b,Android,Android,140,1904.25
2026-01-31,HK,永远的蔚蓝星球-合成快攻 对战轻松,669df1f882bbdbdf9ca2565b,iOS,iPad,25,92.6
2026-01-31,HK,永远的蔚蓝星球-合成快攻 对战轻松,669df1f882bbdbdf9ca2565b,iOS,iPhone,131,10701.81
2026-01-31,MO,永远的蔚蓝星球-合成快攻 对战轻松,669df1f882bbdbdf9ca2565b,Android,Android,6,33.03
2026-01-31,MO,永远的蔚蓝星球-合成快攻 对战轻松,669df1f882bbdbdf9ca2565b,iOS,iPad,0,21.53
2026-01-31,MO,永远的蔚蓝星球-合成快攻 对战轻松,669df1f882bbdbdf9ca2565b,iOS,iPhone,0,164.35
2026-01-31,TW,永远的蔚蓝星球-合成快攻 对战轻松,669df1f882bbdbdf9ca2565b,Android,Android,617,5535.34
2026-01-31,TW,永远的蔚蓝星球-合成快攻 对战轻松,669df1f882bbdbdf9ca2565b,iOS,iPad,59,585.0
2026-01-31,TW,永远的蔚蓝星球-合成快攻 对战轻松,669df1f882bbdbdf9ca2565b,iOS,iPhone,796,25295.65
2026-01-02,HK,永远的蔚蓝星球-合成快攻 对战轻松,669df1f882bbdbdf9ca2565b,Android,Android,26,2617.48
2026-01-02,HK,永远的蔚蓝星球-合成快攻 对战轻松,669df1f882bbdbdf9ca2565b,iOS,iPad,18,107.46
2026-01-02,HK,永远的蔚蓝星球-合成快攻 对战轻松,669df1f882bbdbdf9ca2565b,iOS,iPhone,112,10847.39
2026-01-02,MO,永远的蔚蓝星球-合成快攻 对战轻松,669df1f882bbdbdf9ca2565b,Android,Android,4,41.88
2026-01-02,MO,永远的蔚蓝星球-合成快攻 对战轻松,669df1f882bbdbdf9ca2565b,iOS,iPad,0,19.8
2026-01-02,MO,永远的蔚蓝星球-合成快攻 对战轻松,669df1f882bbdbdf9ca2565b,iOS,iPhone,12,418.57
2026-01-02,TW,永远的蔚蓝星球-合成快攻 对战轻松,669df1f882bbdbdf9ca2565b,Android,Android,269,8534.45
2026-01-02,TW,永远的蔚蓝星球-合成快攻 对战轻松,669df1f882bbdbdf9ca2565b,iOS,iPad,61,865.7
2026-01-02,TW,永远的蔚蓝星球-合成快攻 对战轻松,669df1f882bbdbdf9ca2565b,iOS,iPhone,730,53357.66
2026-01-03,HK,永远的蔚蓝星球-合成快攻 对战轻松,669df1f882bbdbdf9ca2565b,Android,Android,32,2474.64
2026-01-03,HK,永远的蔚蓝星球-合成快攻 对战轻松,669df1f882bbdbdf9ca2565b,iOS,iPad,16,39.85
2026-01-03,HK,永远的蔚蓝星球-合成快攻 对战轻松,669df1f882bbdbdf9ca2565b,iOS,iPhone,166,8192.49
2026-01-03,MO,永远的蔚蓝星球-合成快攻 对战轻松,669df1f882bbdbdf9ca2565b,Android,Android,3,42.1
2026-01-03,MO,永远的蔚蓝星球-合成快攻 对战轻松,669df1f882bbdbdf9ca2565b,iOS,iPad,2,10.86
2026-01-03,MO,永远的蔚蓝星球-合成快攻 对战轻松,669df1f882bbdbdf9ca2565b,iOS,iPhone,14,357.33
2026-01-03,TW,永远的蔚蓝星球-合成快攻 对战轻松,669df1f882bbdbdf9ca2565b,Android,Android,311,7261.09
2026-01-03,TW,永远的蔚蓝星球-合成快攻 对战轻松,669df1f882bbdbdf9ca2565b,iOS,iPad,109,742.47
2026-01-03,TW,永远的蔚蓝星球-合成快攻 对战轻松,669df1f882bbdbdf9ca2565b,iOS,iPhone,791,39695.32
2026-01-04,HK,永远的蔚蓝星球-合成快攻 对战轻松,669df1f882bbdbdf9ca2565b,Android,Android,27,2164.25
2026-01-04,HK,永远的蔚蓝星球-合成快攻 对战轻松,669df1f882bbdbdf9ca2565b,iOS,iPad,16,45.91
2026-01-04,HK,永远的蔚蓝星球-合成快攻 对战轻松,669df1f882bbdbdf9ca2565b,iOS,iPhone,242,6309.36
2026-01-04,MO,永远的蔚蓝星球-合成快攻 对战轻松,669df1f882bbdbdf9ca2565b,Android,Android,0,36.77
2026-01-04,MO,永远的蔚蓝星球-合成快攻 对战轻松,669df1f882bbdbdf9ca2565b,iOS,iPad,2,16.81
2026-01-04,MO,永远的蔚蓝星球-合成快攻 对战轻松,669df1f882bbdbdf9ca2565b,iOS,iPhone,13,239.13
2026-01-04,TW,永远的蔚蓝星球-合成快攻 对战轻松,669df1f882bbdbdf9ca2565b,Android,Android,243,7215.28
2026-01-04,TW,永远的蔚蓝星球-合成快攻 对战轻松,669df1f882bbdbdf9ca2565b,iOS,iPad,68,584.54
2026-01-04,TW,永远的蔚蓝星球-合成快攻 对战轻松,669df1f882bbdbdf9ca2565b,iOS,iPhone,719,41009.9
2026-01-05,HK,永远的蔚蓝星球-合成快攻 对战轻松,669df1f882bbdbdf9ca2565b,Android,Android,33,2423.4
2026-01-05,HK,永远的蔚蓝星球-合成快攻 对战轻松,669df1f882bbdbdf9ca2565b,iOS,iPad,10,19.62
2026-01-05,HK,永远的蔚蓝星球-合成快攻 对战轻松,669df1f882bbdbdf9ca2565b,iOS,iPhone,179,9643.55
2026-01-05,MO,永远的蔚蓝星球-合成快攻 对战轻松,669df1f882bbdbdf9ca2565b,Android,Android,0,33.16
2026-01-05,MO,永远的蔚蓝星球-合成快攻 对战轻松,669df1f882bbdbdf9ca2565b,iOS,iPad,0,50.9
2026-01-05,MO,永远的蔚蓝星球-合成快攻 对战轻松,669df1f882bbdbdf9ca2565b,iOS,iPhone,4,307.51
2026-01-05,TW,永远的蔚蓝星球-合成快攻 对战轻松,669df1f882bbdbdf9ca2565b,Android,Android,175,9567.67
2026-01-05,TW,永远的蔚蓝星球-合成快攻 对战轻松,669df1f882bbdbdf9ca2565b,iOS,iPad,34,396.49
2026-01-05,TW,永远的蔚蓝星球-合成快攻 对战轻松,669df1f882bbdbdf9ca2565b,iOS,iPhone,466,41736.18
2026-01-06,HK,永远的蔚蓝星球-合成快攻 对战轻松,669df1f882bbdbdf9ca2565b,Android,Android,34,2144.28
2026-01-06,HK,永远的蔚蓝星球-合成快攻 对战轻松,669df1f882bbdbdf9ca2565b,iOS,iPad,10,26.6
2026-01-06,HK,永远的蔚蓝星球-合成快攻 对战轻松,669df1f882bbdbdf9ca2565b,iOS,iPhone,183,5965.23
2026-01-06,MO,永远的蔚蓝星球-合成快攻 对战轻松,669df1f882bbdbdf9ca2565b,Android,Android,0,22.2
2026-01-06,MO,永远的蔚蓝星球-合成快攻 对战轻松,669df1f882bbdbdf9ca2565b,iOS,iPad,0,49.5
2026-01-06,MO,永远的蔚蓝星球-合成快攻 对战轻松,669df1f882bbdbdf9ca2565b,iOS,iPhone,4,173.45
2026-01-06,TW,永远的蔚蓝星球-合成快攻 对战轻松,669df1f882bbdbdf9ca2565b,Android,Android,166,6380.98
2026-01-06,TW,永远的蔚蓝星球-合成快攻 对战轻松,669df1f882bbdbdf9ca2565b,iOS,iPad,31,562.05
2026-01-06,TW,永远的蔚蓝星球-合成快攻 对战轻松,669df1f882bbdbdf9ca2565b,iOS,iPhone,425,32547.24
2026-01-07,HK,永远的蔚蓝星球-合成快攻 对战轻松,669df1f882bbdbdf9ca2565b,Android,Android,45,2107.75
2026-01-07,HK,永远的蔚蓝星球-合成快攻 对战轻松,669df1f882bbdbdf9ca2565b,iOS,iPad,12,35.1
2026-01-07,HK,永远的蔚蓝星球-合成快攻 对战轻松,669df1f882bbdbdf9ca2565b,iOS,iPhone,140,7895.07
2026-01-07,MO,永远的蔚蓝星球-合成快攻 对战轻松,669df1f882bbdbdf9ca2565b,Android,Android,5,25.78
2026-01-07,MO,永远的蔚蓝星球-合成快攻 对战轻松,669df1f882bbdbdf9ca2565b,iOS,iPad,0,49.53
2026-01-07,MO,永远的蔚蓝星球-合成快攻 对战轻松,669df1f882bbdbdf9ca2565b,iOS,iPhone,13,221.01
2026-01-07,TW,永远的蔚蓝星球-合成快攻 对战轻松,669df1f882bbdbdf9ca2565b,Android,Android,176,6097.77
2026-01-07,TW,永远的蔚蓝星球-合成快攻 对战轻松,669df1f882bbdbdf9ca2565b,iOS,iPad,35,515.97
2026-01-07,TW,永远的蔚蓝星球-合成快攻 对战轻松,669df1f882bbdbdf9ca2565b,iOS,iPhone,437,41882.18
2026-01-08,HK,永远的蔚蓝星球-合成快攻 对战轻松,669df1f882bbdbdf9ca2565b,Android,Android,108,2096.72
2026-01-08,HK,永远的蔚蓝星球-合成快攻 对战轻松,669df1f882bbdbdf9ca2565b,iOS,iPad,9,52.39
2026-01-08,HK,永远的蔚蓝星球-合成快攻 对战轻松,669df1f882bbdbdf9ca2565b,iOS,iPhone,127,5415.05
2026-01-08,MO,永远的蔚蓝星球-合成快攻 对战轻松,669df1f882bbdbdf9ca2565b,Android,Android,6,22.97
2026-01-08,MO,永远的蔚蓝星球-合成快攻 对战轻松,669df1f882bbdbdf9ca2565b,iOS,iPad,0,29.38
2026-01-08,MO,永远的蔚蓝星球-合成快攻 对战轻松,669df1f882bbdbdf9ca2565b,iOS,iPhone,18,169.66
2026-01-08,TW,永远的蔚蓝星球-合成快攻 对战轻松,669df1f882bbdbdf9ca2565b,Android,Android,179,6108.77
2026-01-08,TW,永远的蔚蓝星球-合成快攻 对战轻松,669df1f882bbdbdf9ca2565b,iOS,iPad,35,571.45
2026-01-08,TW,永远的蔚蓝星球-合成快攻 对战轻松,669df1f882bbdbdf9ca2565b,iOS,iPhone,413,27644.59
2026-01-09,HK,永远的蔚蓝星球-合成快攻 对战轻松,669df1f882bbdbdf9ca2565b,Android,Android,148,2761.67
2026-01-09,HK,永远的蔚蓝星球-合成快攻 对战轻松,669df1f882bbdbdf9ca2565b,iOS,iPad,10,74.28
2026-01-09,HK,永远的蔚蓝星球-合成快攻 对战轻松,669df1f882bbdbdf9ca2565b,iOS,iPhone,130,9983.62
2026-01-09,MO,永远的蔚蓝星球-合成快攻 对战轻松,669df1f882bbdbdf9ca2565b,Android,Android,10,30.02
2026-01-09,MO,永远的蔚蓝星球-合成快攻 对战轻松,669df1f882bbdbdf9ca2565b,iOS,iPad,0,21.73
2026-01-09,MO,永远的蔚蓝星球-合成快攻 对战轻松,669df1f882bbdbdf9ca2565b,iOS,iPhone,4,326.0
2026-01-09,TW,永远的蔚蓝星球-合成快攻 对战轻松,669df1f882bbdbdf9ca2565b,Android,Android,243,6801.45
2026-01-09,TW,永远的蔚蓝星球-合成快攻 对战轻松,669df1f882bbdbdf9ca2565b,iOS,iPad,28,508.52
2026-01-09,TW,永远的蔚蓝星球-合成快攻 对战轻松,669df1f882bbdbdf9ca2565b,iOS,iPhone,445,49048.77
2026-01-10,HK,永远的蔚蓝星球-合成快攻 对战轻松,669df1f882bbdbdf9ca2565b,Android,Android,167,2914.04
2026-01-10,HK,永远的蔚蓝星球-合成快攻 对战轻松,669df1f882bbdbdf9ca2565b,iOS,iPad,14,62.28
2026-01-10,HK,永远的蔚蓝星球-合成快攻 对战轻松,669df1f882bbdbdf9ca2565b,iOS,iPhone,145,8845.89
2026-01-10,MO,永远的蔚蓝星球-合成快攻 对战轻松,669df1f882bbdbdf9ca2565b,Android,Android,16,26.49
2026-01-10,MO,永远的蔚蓝星球-合成快攻 对战轻松,669df1f882bbdbdf9ca2565b,iOS,iPad,2,15.43
2026-01-10,MO,永远的蔚蓝星球-合成快攻 对战轻松,669df1f882bbdbdf9ca2565b,iOS,iPhone,4,378.03
2026-01-10,TW,永远的蔚蓝星球-合成快攻 对战轻松,669df1f882bbdbdf9ca2565b,Android,Android,282,6054.36
2026-01-10,TW,永远的蔚蓝星球-合成快攻 对战轻松,669df1f882bbdbdf9ca2565b,iOS,iPad,99,708.96
2026-01-10,TW,永远的蔚蓝星球-合成快攻 对战轻松,669df1f882bbdbdf9ca2565b,iOS,iPhone,547,48170.02
2026-01-11,HK,永远的蔚蓝星球-合成快攻 对战轻松,669df1f882bbdbdf9ca2565b,Android,Android,144,2349.26
2026-01-11,HK,永远的蔚蓝星球-合成快攻 对战轻松,669df1f882bbdbdf9ca2565b,iOS,iPad,13,34.59
2026-01-11,HK,永远的蔚蓝星球-合成快攻 对战轻松,669df1f882bbdbdf9ca2565b,iOS,iPhone,144,9822.47
2026-01-11,MO,永远的蔚蓝星球-合成快攻 对战轻松,669df1f882bbdbdf9ca2565b,Android,Android,8,27.45
2026-01-11,MO,永远的蔚蓝星球-合成快攻 对战轻松,669df1f882bbdbdf9ca2565b,iOS,iPad,0,14.3
2026-01-11,MO,永远的蔚蓝星球-合成快攻 对战轻松,669df1f882bbdbdf9ca2565b,iOS,iPhone,2,624.66
2026-01-11,TW,永远的蔚蓝星球-合成快攻 对战轻松,669df1f882bbdbdf9ca2565b,Android,Android,215,6283.74
2026-01-11,TW,永远的蔚蓝星球-合成快攻 对战轻松,669df1f882bbdbdf9ca2565b,iOS,iPad,110,673.33
2026-01-11,TW,永远的蔚蓝星球-合成快攻 对战轻松,669df1f882bbdbdf9ca2565b,iOS,iPhone,578,36587.5
2026-01-12,HK,永远的蔚蓝星球-合成快攻 对战轻松,669df1f882bbdbdf9ca2565b,Android,Android,91,2270.1
2026-01-12,HK,永远的蔚蓝星球-合成快攻 对战轻松,669df1f882bbdbdf9ca2565b,iOS,iPad,5,41.46
2026-01-12,HK,永远的蔚蓝星球-合成快攻 对战轻松,669df1f882bbdbdf9ca2565b,iOS,iPhone,104,7233.12
2026-01-12,MO,永远的蔚蓝星球-合成快攻 对战轻松,669df1f882bbdbdf9ca2565b,Android,Android,7,36.49
2026-01-12,MO,永远的蔚蓝星球-合成快攻 对战轻松,669df1f882bbdbdf9ca2565b,iOS,iPad,0,11.3
2026-01-12,MO,永远的蔚蓝星球-合成快攻 对战轻松,669df1f882bbdbdf9ca2565b,iOS,iPhone,0,370.65
2026-01-12,TW,永远的蔚蓝星球-合成快攻 对战轻松,669df1f882bbdbdf9ca2565b,Android,Android,220,6187.42
2026-01-12,TW,永远的蔚蓝星球-合成快攻 对战轻松,669df1f882bbdbdf9ca2565b,iOS,iPad,49,447.41
2026-01-12,TW,永远的蔚蓝星球-合成快攻 对战轻松,669df1f882bbdbdf9ca2565b,iOS,iPhone,493,30909.91
2026-01-13,HK,永远的蔚蓝星球-合成快攻 对战轻松,669df1f882bbdbdf9ca2565b,Android,Android,84,2116.49
2026-01-13,HK,永远的蔚蓝星球-合成快攻 对战轻松,669df1f882bbdbdf9ca2565b,iOS,iPad,4,63.31
2026-01-13,HK,永远的蔚蓝星球-合成快攻 对战轻松,669df1f882bbdbdf9ca2565b,iOS,iPhone,95,6648.56
2026-01-13,MO,永远的蔚蓝星球-合成快攻 对战轻松,669df1f882bbdbdf9ca2565b,Android,Android,5,38.0
2026-01-13,MO,永远的蔚蓝星球-合成快攻 对战轻松,669df1f882bbdbdf9ca2565b,iOS,iPad,0,8.36
2026-01-13,MO,永远的蔚蓝星球-合成快攻 对战轻松,669df1f882bbdbdf9ca2565b,iOS,iPhone,6,207.3
2026-01-13,TW,永远的蔚蓝星球-合成快攻 对战轻松,669df1f882bbdbdf9ca2565b,Android,Android,220,5911.66
2026-01-13,TW,永远的蔚蓝星球-合成快攻 对战轻松,669df1f882bbdbdf9ca2565b,iOS,iPad,36,570.45
2026-01-13,TW,永远的蔚蓝星球-合成快攻 对战轻松,669df1f882bbdbdf9ca2565b,iOS,iPhone,472,26923.94
2026-01-14,HK,永远的蔚蓝星球-合成快攻 对战轻松,669df1f882bbdbdf9ca2565b,Android,Android,55,2059.62
2026-01-14,HK,永远的蔚蓝星球-合成快攻 对战轻松,669df1f882bbdbdf9ca2565b,iOS,iPad,8,54.5
2026-01-14,HK,永远的蔚蓝星球-合成快攻 对战轻松,669df1f882bbdbdf9ca2565b,iOS,iPhone,87,8073.02
2026-01-14,MO,永远的蔚蓝星球-合成快攻 对战轻松,669df1f882bbdbdf9ca2565b,Android,Android,6,49.68
2026-01-14,MO,永远的蔚蓝星球-合成快攻 对战轻松,669df1f882bbdbdf9ca2565b,iOS,iPad,0,4.45
2026-01-14,MO,永远的蔚蓝星球-合成快攻 对战轻松,669df1f882bbdbdf9ca2565b,iOS,iPhone,6,148.06
2026-01-14,TW,永远的蔚蓝星球-合成快攻 对战轻松,669df1f882bbdbdf9ca2565b,Android,Android,224,7743.03
2026-01-14,TW,永远的蔚蓝星球-合成快攻 对战轻松,669df1f882bbdbdf9ca2565b,iOS,iPad,40,520.38
2026-01-14,TW,永远的蔚蓝星球-合成快攻 对战轻松,669df1f882bbdbdf9ca2565b,iOS,iPhone,449,38537.09
2026-01-15,HK,永远的蔚蓝星球-合成快攻 对战轻松,669df1f882bbdbdf9ca2565b,Android,Android,54,2629.56
2026-01-15,HK,永远的蔚蓝星球-合成快攻 对战轻松,669df1f882bbdbdf9ca2565b,iOS,iPad,8,41.38
2026-01-15,HK,永远的蔚蓝星球-合成快攻 对战轻松,669df1f882bbdbdf9ca2565b,iOS,iPhone,99,6487.4
2026-01-15,MO,永远的蔚蓝星球-合成快攻 对战轻松,669df1f882bbdbdf9ca2565b,Android,Android,5,53.43
2026-01-15,MO,永远的蔚蓝星球-合成快攻 对战轻松,669df1f882bbdbdf9ca2565b,iOS,iPad,0,18.67
2026-01-15,MO,永远的蔚蓝星球-合成快攻 对战轻松,669df1f882bbdbdf9ca2565b,iOS,iPhone,13,122.98
2026-01-15,TW,永远的蔚蓝星球-合成快攻 对战轻松,669df1f882bbdbdf9ca2565b,Android,Android,221,8004.55
2026-01-15,TW,永远的蔚蓝星球-合成快攻 对战轻松,669df1f882bbdbdf9ca2565b,iOS,iPad,44,535.04
2026-01-15,TW,永远的蔚蓝星球-合成快攻 对战轻松,669df1f882bbdbdf9ca2565b,iOS,iPhone,448,22337.73
2026-01-16,HK,永远的蔚蓝星球-合成快攻 对战轻松,669df1f882bbdbdf9ca2565b,Android,Android,56,2551.55
2026-01-16,HK,永远的蔚蓝星球-合成快攻 对战轻松,669df1f882bbdbdf9ca2565b,iOS,iPad,11,31.46
2026-01-16,HK,永远的蔚蓝星球-合成快攻 对战轻松,669df1f882bbdbdf9ca2565b,iOS,iPhone,88,7142.11
2026-01-16,MO,永远的蔚蓝星球-合成快攻 对战轻松,669df1f882bbdbdf9ca2565b,Android,Android,6,48.27
2026-01-16,MO,永远的蔚蓝星球-合成快攻 对战轻松,669df1f882bbdbdf9ca2565b,iOS,iPad,0,26.75
2026-01-16,MO,永远的蔚蓝星球-合成快攻 对战轻松,669df1f882bbdbdf9ca2565b,iOS,iPhone,11,269.5
2026-01-16,TW,永远的蔚蓝星球-合成快攻 对战轻松,669df1f882bbdbdf9ca2565b,Android,Android,280,6837.96
2026-01-16,TW,永远的蔚蓝星球-合成快攻 对战轻松,669df1f882bbdbdf9ca2565b,iOS,iPad,55,643.12
2026-01-16,TW,永远的蔚蓝星球-合成快攻 对战轻松,669df1f882bbdbdf9ca2565b,iOS,iPhone,444,31250.82
2026-01-17,HK,永远的蔚蓝星球-合成快攻 对战轻松,669df1f882bbdbdf9ca2565b,Android,Android,55,2427.73
2026-01-17,HK,永远的蔚蓝星球-合成快攻 对战轻松,669df1f882bbdbdf9ca2565b,iOS,iPad,13,58.3
2026-01-17,HK,永远的蔚蓝星球-合成快攻 对战轻松,669df1f882bbdbdf9ca2565b,iOS,iPhone,124,8923.85
2026-01-17,MO,永远的蔚蓝星球-合成快攻 对战轻松,669df1f882bbdbdf9ca2565b,Android,Android,6,50.31
2026-01-17,MO,永远的蔚蓝星球-合成快攻 对战轻松,669df1f882bbdbdf9ca2565b,iOS,iPad,0,22.67
2026-01-17,MO,永远的蔚蓝星球-合成快攻 对战轻松,669df1f882bbdbdf9ca2565b,iOS,iPhone,3,232.76
2026-01-17,TW,永远的蔚蓝星球-合成快攻 对战轻松,669df1f882bbdbdf9ca2565b,Android,Android,286,6861.66
2026-01-17,TW,永远的蔚蓝星球-合成快攻 对战轻松,669df1f882bbdbdf9ca2565b,iOS,iPad,90,640.5
2026-01-17,TW,永远的蔚蓝星球-合成快攻 对战轻松,669df1f882bbdbdf9ca2565b,iOS,iPhone,581,39499.91
2026-01-18,HK,永远的蔚蓝星球-合成快攻 对战轻松,669df1f882bbdbdf9ca2565b,Android,Android,41,2097.82
2026-01-18,HK,永远的蔚蓝星球-合成快攻 对战轻松,669df1f882bbdbdf9ca2565b,iOS,iPad,12,56.65
2026-01-18,HK,永远的蔚蓝星球-合成快攻 对战轻松,669df1f882bbdbdf9ca2565b,iOS,iPhone,117,8076.06
2026-01-18,MO,永远的蔚蓝星球-合成快攻 对战轻松,669df1f882bbdbdf9ca2565b,Android,Android,4,44.63
2026-01-18,MO,永远的蔚蓝星球-合成快攻 对战轻松,669df1f882bbdbdf9ca2565b,iOS,iPad,0,13.66
2026-01-18,MO,永远的蔚蓝星球-合成快攻 对战轻松,669df1f882bbdbdf9ca2565b,iOS,iPhone,0,161.02
2026-01-18,TW,永远的蔚蓝星球-合成快攻 对战轻松,669df1f882bbdbdf9ca2565b,Android,Android,206,4862.01
2026-01-18,TW,永远的蔚蓝星球-合成快攻 对战轻松,669df1f882bbdbdf9ca2565b,iOS,iPad,55,426.96
2026-01-18,TW,永远的蔚蓝星球-合成快攻 对战轻松,669df1f882bbdbdf9ca2565b,iOS,iPhone,610,34398.19
2026-01-19,HK,永远的蔚蓝星球-合成快攻 对战轻松,669df1f882bbdbdf9ca2565b,Android,Android,41,1660.05
2026-01-19,HK,永远的蔚蓝星球-合成快攻 对战轻松,669df1f882bbdbdf9ca2565b,iOS,iPad,9,45.81
2026-01-19,HK,永远的蔚蓝星球-合成快攻 对战轻松,669df1f882bbdbdf9ca2565b,iOS,iPhone,144,7670.57
2026-01-19,MO,永远的蔚蓝星球-合成快攻 对战轻松,669df1f882bbdbdf9ca2565b,Android,Android,4,12.82
2026-01-19,MO,永远的蔚蓝星球-合成快攻 对战轻松,669df1f882bbdbdf9ca2565b,iOS,iPad,0,14.08
2026-01-19,MO,永远的蔚蓝星球-合成快攻 对战轻松,669df1f882bbdbdf9ca2565b,iOS,iPhone,0,212.03
2026-01-19,TW,永远的蔚蓝星球-合成快攻 对战轻松,669df1f882bbdbdf9ca2565b,Android,Android,191,4726.82
2026-01-19,TW,永远的蔚蓝星球-合成快攻 对战轻松,669df1f882bbdbdf9ca2565b,iOS,iPad,29,351.75
2026-01-19,TW,永远的蔚蓝星球-合成快攻 对战轻松,669df1f882bbdbdf9ca2565b,iOS,iPhone,512,28293.68
2026-01-20,HK,永远的蔚蓝星球-合成快攻 对战轻松,669df1f882bbdbdf9ca2565b,Android,Android,48,2170.78
2026-01-20,HK,永远的蔚蓝星球-合成快攻 对战轻松,669df1f882bbdbdf9ca2565b,iOS,iPad,8,27.93
2026-01-20,HK,永远的蔚蓝星球-合成快攻 对战轻松,669df1f882bbdbdf9ca2565b,iOS,iPhone,132,8542.6
2026-01-20,MO,永远的蔚蓝星球-合成快攻 对战轻松,669df1f882bbdbdf9ca2565b,Android,Android,4,12.54
2026-01-20,MO,永远的蔚蓝星球-合成快攻 对战轻松,669df1f882bbdbdf9ca2565b,iOS,iPad,0,24.39
2026-01-20,MO,永远的蔚蓝星球-合成快攻 对战轻松,669df1f882bbdbdf9ca2565b,iOS,iPhone,18,226.01
2026-01-20,TW,永远的蔚蓝星球-合成快攻 对战轻松,669df1f882bbdbdf9ca2565b,Android,Android,239,4452.14
2026-01-20,TW,永远的蔚蓝星球-合成快攻 对战轻松,669df1f882bbdbdf9ca2565b,iOS,iPad,29,411.87
2026-01-20,TW,永远的蔚蓝星球-合成快攻 对战轻松,669df1f882bbdbdf9ca2565b,iOS,iPhone,423,36022.55
2026-01-21,HK,永远的蔚蓝星球-合成快攻 对战轻松,669df1f882bbdbdf9ca2565b,Android,Android,54,1881.11
2026-01-21,HK,永远的蔚蓝星球-合成快攻 对战轻松,669df1f882bbdbdf9ca2565b,iOS,iPad,8,58.76
2026-01-21,HK,永远的蔚蓝星球-合成快攻 对战轻松,669df1f882bbdbdf9ca2565b,iOS,iPhone,150,5331.61
2026-01-21,MO,永远的蔚蓝星球-合成快攻 对战轻松,669df1f882bbdbdf9ca2565b,Android,Android,4,16.22
2026-01-21,MO,永远的蔚蓝星球-合成快攻 对战轻松,669df1f882bbdbdf9ca2565b,iOS,iPad,0,15.72
2026-01-21,MO,永远的蔚蓝星球-合成快攻 对战轻松,669df1f882bbdbdf9ca2565b,iOS,iPhone,5,184.18
2026-01-21,TW,永远的蔚蓝星球-合成快攻 对战轻松,669df1f882bbdbdf9ca2565b,Android,Android,333,3907.21
2026-01-21,TW,永远的蔚蓝星球-合成快攻 对战轻松,669df1f882bbdbdf9ca2565b,iOS,iPad,27,517.88
2026-01-21,TW,永远的蔚蓝星球-合成快攻 对战轻松,669df1f882bbdbdf9ca2565b,iOS,iPhone,455,28381.34
2026-01-22,HK,永远的蔚蓝星球-合成快攻 对战轻松,669df1f882bbdbdf9ca2565b,Android,Android,82,1890.4
2026-01-22,HK,永远的蔚蓝星球-合成快攻 对战轻松,669df1f882bbdbdf9ca2565b,iOS,iPad,6,62.32
2026-01-22,HK,永远的蔚蓝星球-合成快攻 对战轻松,669df1f882bbdbdf9ca2565b,iOS,iPhone,156,7409.1
2026-01-22,MO,永远的蔚蓝星球-合成快攻 对战轻松,669df1f882bbdbdf9ca2565b,Android,Android,5,16.55
2026-01-22,MO,永远的蔚蓝星球-合成快攻 对战轻松,669df1f882bbdbdf9ca2565b,iOS,iPad,0,20.49
2026-01-22,MO,永远的蔚蓝星球-合成快攻 对战轻松,669df1f882bbdbdf9ca2565b,iOS,iPhone,16,239.93
2026-01-22,TW,永远的蔚蓝星球-合成快攻 对战轻松,669df1f882bbdbdf9ca2565b,Android,Android,406,5367.68
2026-01-22,TW,永远的蔚蓝星球-合成快攻 对战轻松,669df1f882bbdbdf9ca2565b,iOS,iPad,28,628.82
2026-01-22,TW,永远的蔚蓝星球-合成快攻 对战轻松,669df1f882bbdbdf9ca2565b,iOS,iPhone,502,25798.54
2026-01-23,HK,永远的蔚蓝星球-合成快攻 对战轻松,669df1f882bbdbdf9ca2565b,Android,Android,108,2264.43
2026-01-23,HK,永远的蔚蓝星球-合成快攻 对战轻松,669df1f882bbdbdf9ca2565b,iOS,iPad,7,73.56
2026-01-23,HK,永远的蔚蓝星球-合成快攻 对战轻松,669df1f882bbdbdf9ca2565b,iOS,iPhone,136,4709.19
2026-01-23,MO,永远的蔚蓝星球-合成快攻 对战轻松,669df1f882bbdbdf9ca2565b,Android,Android,6,19.36
2026-01-23,MO,永远的蔚蓝星球-合成快攻 对战轻松,669df1f882bbdbdf9ca2565b,iOS,iPad,0,31.54
2026-01-23,MO,永远的蔚蓝星球-合成快攻 对战轻松,669df1f882bbdbdf9ca2565b,iOS,iPhone,9,315.89
2026-01-23,TW,永远的蔚蓝星球-合成快攻 对战轻松,669df1f882bbdbdf9ca2565b,Android,Android,554,5164.83
2026-01-23,TW,永远的蔚蓝星球-合成快攻 对战轻松,669df1f882bbdbdf9ca2565b,iOS,iPad,36,827.7
2026-01-23,TW,永远的蔚蓝星球-合成快攻 对战轻松,669df1f882bbdbdf9ca2565b,iOS,iPhone,444,22281.88
2026-01-24,HK,永远的蔚蓝星球-合成快攻 对战轻松,669df1f882bbdbdf9ca2565b,Android,Android,128,1829.62
2026-01-24,HK,永远的蔚蓝星球-合成快攻 对战轻松,669df1f882bbdbdf9ca2565b,iOS,iPad,10,63.31
2026-01-24,HK,永远的蔚蓝星球-合成快攻 对战轻松,669df1f882bbdbdf9ca2565b,iOS,iPhone,166,7147.32
2026-01-24,MO,永远的蔚蓝星球-合成快攻 对战轻松,669df1f882bbdbdf9ca2565b,Android,Android,6,22.06
2026-01-24,MO,永远的蔚蓝星球-合成快攻 对战轻松,669df1f882bbdbdf9ca2565b,iOS,iPad,0,34.8
2026-01-24,MO,永远的蔚蓝星球-合成快攻 对战轻松,669df1f882bbdbdf9ca2565b,iOS,iPhone,2,230.18
2026-01-24,TW,永远的蔚蓝星球-合成快攻 对战轻松,669df1f882bbdbdf9ca2565b,Android,Android,597,4859.65
2026-01-24,TW,永远的蔚蓝星球-合成快攻 对战轻松,669df1f882bbdbdf9ca2565b,iOS,iPad,52,669.85
2026-01-24,TW,永远的蔚蓝星球-合成快攻 对战轻松,669df1f882bbdbdf9ca2565b,iOS,iPhone,476,28108.16
2026-01-25,HK,永远的蔚蓝星球-合成快攻 对战轻松,669df1f882bbdbdf9ca2565b,Android,Android,111,1830.77
2026-01-25,HK,永远的蔚蓝星球-合成快攻 对战轻松,669df1f882bbdbdf9ca2565b,iOS,iPad,7,104.51
2026-01-25,HK,永远的蔚蓝星球-合成快攻 对战轻松,669df1f882bbdbdf9ca2565b,iOS,iPhone,115,4069.71
2026-01-25,MO,永远的蔚蓝星球-合成快攻 对战轻松,669df1f882bbdbdf9ca2565b,Android,Android,5,22.92
2026-01-25,MO,永远的蔚蓝星球-合成快攻 对战轻松,669df1f882bbdbdf9ca2565b,iOS,iPad,2,14.34
2026-01-25,MO,永远的蔚蓝星球-合成快攻 对战轻松,669df1f882bbdbdf9ca2565b,iOS,iPhone,3,232.42
2026-01-25,TW,永远的蔚蓝星球-合成快攻 对战轻松,669df1f882bbdbdf9ca2565b,Android,Android,539,4806.57
2026-01-25,TW,永远的蔚蓝星球-合成快攻 对战轻松,669df1f882bbdbdf9ca2565b,iOS,iPad,46,535.45
2026-01-25,TW,永远的蔚蓝星球-合成快攻 对战轻松,669df1f882bbdbdf9ca2565b,iOS,iPhone,498,27121.2
2026-01-26,HK,永远的蔚蓝星球-合成快攻 对战轻松,669df1f882bbdbdf9ca2565b,Android,Android,103,2055.71
2026-01-26,HK,永远的蔚蓝星球-合成快攻 对战轻松,669df1f882bbdbdf9ca2565b,iOS,iPad,5,78.56
2026-01-26,HK,永远的蔚蓝星球-合成快攻 对战轻松,669df1f882bbdbdf9ca2565b,iOS,iPhone,115,6514.65
2026-01-26,MO,永远的蔚蓝星球-合成快攻 对战轻松,669df1f882bbdbdf9ca2565b,Android,Android,5,20.07
2026-01-26,MO,永远的蔚蓝星球-合成快攻 对战轻松,669df1f882bbdbdf9ca2565b,iOS,iPad,2,11.15
2026-01-26,MO,永远的蔚蓝星球-合成快攻 对战轻松,669df1f882bbdbdf9ca2565b,iOS,iPhone,0,234.65
2026-01-26,TW,永远的蔚蓝星球-合成快攻 对战轻松,669df1f882bbdbdf9ca2565b,Android,Android,511,5054.86
2026-01-26,TW,永远的蔚蓝星球-合成快攻 对战轻松,669df1f882bbdbdf9ca2565b,iOS,iPad,42,612.81
2026-01-26,TW,永远的蔚蓝星球-合成快攻 对战轻松,669df1f882bbdbdf9ca2565b,iOS,iPhone,437,22308.94
2026-01-27,HK,永远的蔚蓝星球-合成快攻 对战轻松,669df1f882bbdbdf9ca2565b,Android,Android,123,2115.3
2026-01-27,HK,永远的蔚蓝星球-合成快攻 对战轻松,669df1f882bbdbdf9ca2565b,iOS,iPad,4,129.08
2026-01-27,HK,永远的蔚蓝星球-合成快攻 对战轻松,669df1f882bbdbdf9ca2565b,iOS,iPhone,101,4558.92
2026-01-27,MO,永远的蔚蓝星球-合成快攻 对战轻松,669df1f882bbdbdf9ca2565b,Android,Android,4,24.79
2026-01-27,MO,永远的蔚蓝星球-合成快攻 对战轻松,669df1f882bbdbdf9ca2565b,iOS,iPad,2,15.43
2026-01-27,MO,永远的蔚蓝星球-合成快攻 对战轻松,669df1f882bbdbdf9ca2565b,iOS,iPhone,0,171.23
2026-01-27,TW,永远的蔚蓝星球-合成快攻 对战轻松,669df1f882bbdbdf9ca2565b,Android,Android,470,4869.25
2026-01-27,TW,永远的蔚蓝星球-合成快攻 对战轻松,669df1f882bbdbdf9ca2565b,iOS,iPad,41,782.14
2026-01-27,TW,永远的蔚蓝星球-合成快攻 对战轻松,669df1f882bbdbdf9ca2565b,iOS,iPhone,467,26297.38
2026-01-28,HK,永远的蔚蓝星球-合成快攻 对战轻松,669df1f882bbdbdf9ca2565b,Android,Android,116,1815.74
2026-01-28,HK,永远的蔚蓝星球-合成快攻 对战轻松,669df1f882bbdbdf9ca2565b,iOS,iPad,5,213.94
2026-01-28,HK,永远的蔚蓝星球-合成快攻 对战轻松,669df1f882bbdbdf9ca2565b,iOS,iPhone,109,5459.8
2026-01-28,MO,永远的蔚蓝星球-合成快攻 对战轻松,669df1f882bbdbdf9ca2565b,Android,Android,4,27.11
2026-01-28,MO,永远的蔚蓝星球-合成快攻 对战轻松,669df1f882bbdbdf9ca2565b,iOS,iPad,0,14.49
2026-01-28,MO,永远的蔚蓝星球-合成快攻 对战轻松,669df1f882bbdbdf9ca2565b,iOS,iPhone,0,183.54
2026-01-28,TW,永远的蔚蓝星球-合成快攻 对战轻松,669df1f882bbdbdf9ca2565b,Android,Android,491,4752.96
2026-01-28,TW,永远的蔚蓝星球-合成快攻 对战轻松,669df1f882bbdbdf9ca2565b,iOS,iPad,37,524.31
2026-01-28,TW,永远的蔚蓝星球-合成快攻 对战轻松,669df1f882bbdbdf9ca2565b,iOS,iPhone,436,27537.58
2026-01-29,HK,永远的蔚蓝星球-合成快攻 对战轻松,669df1f882bbdbdf9ca2565b,Android,Android,120,1868.82
2026-01-29,HK,永远的蔚蓝星球-合成快攻 对战轻松,669df1f882bbdbdf9ca2565b,iOS,iPad,7,217.03
2026-01-29,HK,永远的蔚蓝星球-合成快攻 对战轻松,669df1f882bbdbdf9ca2565b,iOS,iPhone,71,6185.59
2026-01-29,MO,永远的蔚蓝星球-合成快攻 对战轻松,669df1f882bbdbdf9ca2565b,Android,Android,5,28.26
2026-01-29,MO,永远的蔚蓝星球-合成快攻 对战轻松,669df1f882bbdbdf9ca2565b,iOS,iPad,0,14.38
2026-01-29,MO,永远的蔚蓝星球-合成快攻 对战轻松,669df1f882bbdbdf9ca2565b,iOS,iPhone,0,202.86
2026-01-29,TW,永远的蔚蓝星球-合成快攻 对战轻松,669df1f882bbdbdf9ca2565b,Android,Android,495,5870.66
2026-01-29,TW,永远的蔚蓝星球-合成快攻 对战轻松,669df1f882bbdbdf9ca2565b,iOS,iPad,25,470.36
2026-01-29,TW,永远的蔚蓝星球-合成快攻 对战轻松,669df1f882bbdbdf9ca2565b,iOS,iPhone,459,20943.7
2026-01-30,HK,永远的蔚蓝星球-合成快攻 对战轻松,669df1f882bbdbdf9ca2565b,Android,Android,130,2322.03
2026-01-30,HK,永远的蔚蓝星球-合成快攻 对战轻松,669df1f882bbdbdf9ca2565b,iOS,iPad,15,142.8
2026-01-30,HK,永远的蔚蓝星球-合成快攻 对战轻松,669df1f882bbdbdf9ca2565b,iOS,iPhone,116,8396.52
2026-01-30,MO,永远的蔚蓝星球-合成快攻 对战轻松,669df1f882bbdbdf9ca2565b,Android,Android,6,32.06
2026-01-30,MO,永远的蔚蓝星球-合成快攻 对战轻松,669df1f882bbdbdf9ca2565b,iOS,iPad,0,28.3
2026-01-30,MO,永远的蔚蓝星球-合成快攻 对战轻松,669df1f882bbdbdf9ca2565b,iOS,iPhone,2,243.65
2026-01-30,TW,永远的蔚蓝星球-合成快攻 对战轻松,669df1f882bbdbdf9ca2565b,Android,Android,601,5998.57
2026-01-30,TW,永远的蔚蓝星球-合成快攻 对战轻松,669df1f882bbdbdf9ca2565b,iOS,iPad,25,470.69
2026-01-30,TW,永远的蔚蓝星球-合成快攻 对战轻松,669df1f882bbdbdf9ca2565b,iOS,iPhone,528,21828.67
2026-01-31,HK,永远的蔚蓝星球-合成快攻 对战轻松,669df1f882bbdbdf9ca2565b,Android,Android,140,1904.25
2026-01-31,HK,永远的蔚蓝星球-合成快攻 对战轻松,669df1f882bbdbdf9ca2565b,iOS,iPad,25,92.6
2026-01-31,HK,永远的蔚蓝星球-合成快攻 对战轻松,669df1f882bbdbdf9ca2565b,iOS,iPhone,131,10701.81
2026-01-31,MO,永远的蔚蓝星球-合成快攻 对战轻松,669df1f882bbdbdf9ca2565b,Android,Android,6,33.03
2026-01-31,MO,永远的蔚蓝星球-合成快攻 对战轻松,669df1f882bbdbdf9ca2565b,iOS,iPad,0,21.53
2026-01-31,MO,永远的蔚蓝星球-合成快攻 对战轻松,669df1f882bbdbdf9ca2565b,iOS,iPhone,0,164.35
2026-01-31,TW,永远的蔚蓝星球-合成快攻 对战轻松,669df1f882bbdbdf9ca2565b,Android,Android,617,5535.34
2026-01-31,TW,永远的蔚蓝星球-合成快攻 对战轻松,669df1f882bbdbdf9ca2565b,iOS,iPad,59,585.0
2026-01-31,TW,永远的蔚蓝星球-合成快攻 对战轻松,669df1f882bbdbdf9ca2565b,iOS,iPhone,796,25295.65
